#pragma once
// Generated: Arimo Bold (Liberation Sans / Arial metric-compatible), subset to UI glyphs.
// Regenerate per fonts/README.md. Do not edit by hand.
const unsigned char um_font_latin_bold[] = {
  0x00, 0x01, 0x00, 0x00, 0x00, 0x11, 0x01, 0x00, 0x00, 0x04, 0x00, 0x10,
  0x47, 0x44, 0x45, 0x46, 0x00, 0x10, 0x00, 0x62, 0x00, 0x00, 0x4a, 0x0c,
  0x00, 0x00, 0x00, 0x16, 0x47, 0x50, 0x4f, 0x53, 0xa2, 0x34, 0xbb, 0x89,
  0x00, 0x00, 0x4a, 0x24, 0x00, 0x00, 0x02, 0x1e, 0x47, 0x53, 0x55, 0x42,
  0xa6, 0x21, 0xa9, 0x11, 0x00, 0x00, 0x4c, 0x44, 0x00, 0x00, 0x00, 0x2c,
  0x4f, 0x53, 0x2f, 0x32, 0x77, 0xb0, 0x0c, 0x1c, 0x00, 0x00, 0x37, 0xa4,
  0x00, 0x00, 0x00, 0x60, 0x63, 0x6d, 0x61, 0x70, 0x64, 0x93, 0x01, 0xa6,
  0x00, 0x00, 0x38, 0x04, 0x00, 0x00, 0x00, 0x5c, 0x63, 0x76, 0x74, 0x20,
  0x30, 0x91, 0x67, 0x9f, 0x00, 0x00, 0x47, 0x50, 0x00, 0x00, 0x00, 0xe2,
  0x66, 0x70, 0x67, 0x6d, 0x62, 0x2f, 0x05, 0x80, 0x00, 0x00, 0x38, 0x60,
  0x00, 0x00, 0x0e, 0x0c, 0x67, 0x61, 0x73, 0x70, 0x00, 0x00, 0x00, 0x10,
  0x00, 0x00, 0x4a, 0x04, 0x00, 0x00, 0x00, 0x08, 0x67, 0x6c, 0x79, 0x66,
  0x00, 0xf3, 0xc2, 0x9d, 0x00, 0x00, 0x01, 0x1c, 0x00, 0x00, 0x33, 0xa4,
  0x68, 0x65, 0x61, 0x64, 0x27, 0x12, 0x54, 0xd3, 0x00, 0x00, 0x35, 0xb0,
  0x00, 0x00, 0x00, 0x36, 0x68, 0x68, 0x65, 0x61, 0x0f, 0x64, 0x0e, 0xa2,
  0x00, 0x00, 0x37, 0x80, 0x00, 0x00, 0x00, 0x24, 0x68, 0x6d, 0x74, 0x78,
  0xc6, 0x12, 0x22, 0xae, 0x00, 0x00, 0x35, 0xe8, 0x00, 0x00, 0x01, 0x98,
  0x6c, 0x6f, 0x63, 0x61, 0xa7, 0x18, 0x9a, 0x8c, 0x00, 0x00, 0x34, 0xe0,
  0x00, 0x00, 0x00, 0xce, 0x6d, 0x61, 0x78, 0x70, 0x07, 0x00, 0x11, 0x75,
  0x00, 0x00, 0x34, 0xc0, 0x00, 0x00, 0x00, 0x20, 0x6e, 0x61, 0x6d, 0x65,
  0x22, 0xb3, 0x3a, 0x20, 0x00, 0x00, 0x48, 0x34, 0x00, 0x00, 0x01, 0xae,
  0x70, 0x6f, 0x73, 0x74, 0xff, 0x2a, 0x00, 0x96, 0x00, 0x00, 0x49, 0xe4,
  0x00, 0x00, 0x00, 0x20, 0x70, 0x72, 0x65, 0x70, 0x96, 0x2e, 0x34, 0xaa,
  0x00, 0x00, 0x46, 0x6c, 0x00, 0x00, 0x00, 0xe1, 0x00, 0x02, 0x00, 0xcd,
  0x00, 0x00, 0x05, 0x32, 0x05, 0x81, 0x00, 0x03, 0x00, 0x07, 0x00, 0x2a,
  0x40, 0x27, 0x04, 0x01, 0x01, 0x00, 0x03, 0x02, 0x01, 0x03, 0x67, 0x00,
  0x02, 0x00, 0x00, 0x02, 0x57, 0x00, 0x02, 0x02, 0x00, 0x5f, 0x00, 0x00,
  0x02, 0x00, 0x4f, 0x00, 0x00, 0x07, 0x06, 0x05, 0x04, 0x00, 0x03, 0x00,
  0x03, 0x11, 0x05, 0x06, 0x17, 0x2b, 0x01, 0x11, 0x21, 0x11, 0x13, 0x21,
  0x11, 0x21, 0x05, 0x32, 0xfb, 0x9b, 0x4c, 0x03, 0xcd, 0xfc, 0x33, 0x05,
  0x81, 0xfa, 0x7f, 0x05, 0x81, 0xfa, 0xcb, 0x04, 0xe9, 0x00, 0x00, 0x02,
  0x00, 0xc1, 0x00, 0x00, 0x01, 0xe7, 0x05, 0x81, 0x00, 0x03, 0x00, 0x07,
  0x00, 0x2c, 0x40, 0x29, 0x00, 0x00, 0x00, 0x01, 0x5f, 0x04, 0x01, 0x01,
  0x01, 0x45, 0x4d, 0x05, 0x01, 0x03, 0x03, 0x02, 0x5f, 0x00, 0x02, 0x02,
  0x46, 0x02, 0x4e, 0x04, 0x04, 0x00, 0x00, 0x04, 0x07, 0x04, 0x07, 0x06,
  0x05, 0x00, 0x03, 0x00, 0x03, 0x11, 0x06, 0x0a, 0x17, 0x2b, 0x01, 0x03,
  0x23, 0x03, 0x01, 0x11, 0x21, 0x11, 0x01, 0xe7, 0x20, 0xe6, 0x20, 0x01,
  0x20, 0xfe, 0xe0, 0x05, 0x81, 0xfc, 0x29, 0x03, 0xd7, 0xfb, 0x8d, 0xfe,
  0xf2, 0x01, 0x0e, 0x00, 0x00, 0x02, 0x00, 0x87, 0x03, 0x82, 0x03, 0x44,
  0x05, 0x81, 0x00, 0x03, 0x00, 0x07, 0x00, 0x24, 0x40, 0x21, 0x02, 0x01,
  0x00, 0x00, 0x01, 0x5f, 0x05, 0x03, 0x04, 0x03, 0x01, 0x01, 0x45, 0x00,
  0x4e, 0x04, 0x04, 0x00, 0x00, 0x04, 0x07, 0x04, 0x07, 0x06, 0x05, 0x00,
  0x03, 0x00, 0x03, 0x11, 0x06, 0x0a, 0x17, 0x2b, 0x01, 0x03, 0x23, 0x03,
  0x23, 0x03, 0x23, 0x03, 0x03, 0x44, 0x1d, 0xdb, 0x1b, 0x99, 0x1b, 0xdb,
  0x1b, 0x05, 0x81, 0xfe, 0x01, 0x01, 0xff, 0xfe, 0x01, 0x01, 0xff, 0x00,
  0x00, 0x02, 0x00, 0x23, 0x00, 0x00, 0x04, 0x52, 0x05, 0x73, 0x00, 0x1b,
  0x00, 0x1f, 0x00, 0x47, 0x40, 0x44, 0x08, 0x06, 0x02, 0x04, 0x0f, 0x09,
  0x02, 0x03, 0x02, 0x04, 0x03, 0x68, 0x0e, 0x0a, 0x02, 0x02, 0x10, 0x0d,
  0x0b, 0x03, 0x01, 0x00, 0x02, 0x01, 0x67, 0x07, 0x01, 0x05, 0x05, 0x45,
  0x4d, 0x0c, 0x01, 0x00, 0x00, 0x46, 0x00, 0x4e, 0x00, 0x00, 0x1f, 0x1e,
  0x1d, 0x1c, 0x00, 0x1b, 0x00, 0x1b, 0x1a, 0x19, 0x18, 0x17, 0x16, 0x15,
  0x14, 0x13, 0x11, 0x11, 0x11, 0x11, 0x11, 0x11, 0x11, 0x11, 0x11, 0x11,
  0x0a, 0x1f, 0x2b, 0x01, 0x03, 0x23, 0x13, 0x23, 0x35, 0x33, 0x13, 0x23,
  0x35, 0x33, 0x13, 0x33, 0x03, 0x21, 0x13, 0x33, 0x03, 0x33, 0x15, 0x23,
  0x03, 0x33, 0x15, 0x23, 0x03, 0x23, 0x13, 0x25, 0x21, 0x13, 0x21, 0x01,
  0x58, 0x50, 0x99, 0x4f, 0x9b, 0xbc, 0x46, 0xcf, 0xee, 0x54, 0x99, 0x52,
  0x01, 0x33, 0x54, 0x9c, 0x54, 0xa4, 0xc5, 0x45, 0xd7, 0xf6, 0x52, 0x9c,
  0x50, 0xfe, 0xee, 0x01, 0x35, 0x46, 0xfe, 0xcd, 0x01, 0x7d, 0xfe, 0x83,
  0x01, 0x7d, 0x95, 0x01, 0x4c, 0x94, 0x01, 0x81, 0xfe, 0x7f, 0x01, 0x81,
  0xfe, 0x7f, 0x94, 0xfe, 0xb4, 0x95, 0xfe, 0x83, 0x01, 0x7d, 0x95, 0x01,
  0x4c, 0x00, 0x00, 0x03, 0x00, 0x1b, 0xff, 0x68, 0x04, 0x56, 0x05, 0xf0,
  0x00, 0x28, 0x00, 0x30, 0x00, 0x38, 0x00, 0xc6, 0x40, 0x15, 0x1d, 0x01,
  0x06, 0x01, 0x36, 0x2e, 0x1e, 0x1a, 0x19, 0x08, 0x04, 0x03, 0x08, 0x07,
  0x06, 0x07, 0x01, 0x00, 0x07, 0x03, 0x4c, 0x4b, 0xb0, 0x1d, 0x50, 0x58,
  0x40, 0x21, 0x00, 0x06, 0x06, 0x01, 0x61, 0x03, 0x01, 0x01, 0x01, 0x45,
  0x4d, 0x00, 0x07, 0x07, 0x00, 0x62, 0x04, 0x01, 0x00, 0x00, 0x46, 0x4d,
  0x00, 0x05, 0x05, 0x02, 0x5f, 0x00, 0x02, 0x02, 0x47, 0x05, 0x4e, 0x1b,
  0x4b, 0xb0, 0x26, 0x50, 0x58, 0x40, 0x1e, 0x00, 0x02, 0x00, 0x05, 0x02,
  0x05, 0x63, 0x00, 0x06, 0x06, 0x01, 0x61, 0x03, 0x01, 0x01, 0x01, 0x45,
  0x4d, 0x00, 0x07, 0x07, 0x00, 0x62, 0x04, 0x01, 0x00, 0x00, 0x46, 0x00,
  0x4e, 0x1b, 0x4b, 0xb0, 0x2a, 0x50, 0x58, 0x40, 0x1c, 0x03, 0x01, 0x01,
  0x00, 0x06, 0x07, 0x01, 0x06, 0x69, 0x00, 0x02, 0x00, 0x05, 0x02, 0x05,
  0x63, 0x00, 0x07, 0x07, 0x00, 0x62, 0x04, 0x01, 0x00, 0x00, 0x46, 0x00,
  0x4e, 0x1b, 0x40, 0x22, 0x00, 0x02, 0x01, 0x05, 0x02, 0x57, 0x03, 0x01,
  0x01, 0x00, 0x06, 0x07, 0x01, 0x06, 0x69, 0x00, 0x07, 0x04, 0x01, 0x00,
  0x05, 0x07, 0x00, 0x6a, 0x00, 0x02, 0x02, 0x05, 0x5f, 0x00, 0x05, 0x02,
  0x05, 0x4f, 0x59, 0x59, 0x59, 0x40, 0x12, 0x38, 0x37, 0x30, 0x2f, 0x28,
  0x27, 0x26, 0x25, 0x16, 0x15, 0x14, 0x13, 0x12, 0x11, 0x10, 0x08, 0x0a,
  0x17, 0x2b, 0x25, 0x26, 0x26, 0x27, 0x25, 0x16, 0x16, 0x17, 0x11, 0x2e,
  0x02, 0x27, 0x26, 0x26, 0x35, 0x34, 0x36, 0x37, 0x35, 0x33, 0x15, 0x1e,
  0x02, 0x17, 0x05, 0x26, 0x26, 0x27, 0x11, 0x16, 0x16, 0x17, 0x04, 0x11,
  0x14, 0x06, 0x07, 0x15, 0x23, 0x03, 0x14, 0x17, 0x16, 0x16, 0x17, 0x11,
  0x06, 0x01, 0x34, 0x26, 0x27, 0x26, 0x27, 0x11, 0x36, 0x02, 0x08, 0xd7,
  0xf0, 0x26, 0x01, 0x00, 0x13, 0x71, 0x69, 0x26, 0x68, 0x64, 0x21, 0x52,
  0x5b, 0xe5, 0xdb, 0x6d, 0x7b, 0xaf, 0x73, 0x21, 0xfe, 0xf8, 0x0f, 0x57,
  0x50, 0x17, 0x5b, 0x4a, 0x01, 0x25, 0xf3, 0xee, 0x6d, 0xba, 0x10, 0x13,
  0x4e, 0x49, 0xba, 0x02, 0x04, 0x23, 0x23, 0x23, 0x74, 0xdd, 0x14, 0x08,
  0xbb, 0xc1, 0x2f, 0x71, 0x69, 0x0a, 0x01, 0x87, 0x09, 0x1d, 0x25, 0x14,
  0x32, 0x9b, 0x70, 0xa6, 0xb6, 0x08, 0x86, 0x86, 0x06, 0x40, 0x94, 0x84,
  0x27, 0x57, 0x5f, 0x0b, 0xfe, 0xa0, 0x04, 0x16, 0x18, 0x60, 0xfe, 0xe8,
  0xb5, 0xc7, 0x09, 0xaf, 0x04, 0xa2, 0x2d, 0x1c, 0x24, 0x26, 0x19, 0x01,
  0x4c, 0x0d, 0xfc, 0xfb, 0x32, 0x3f, 0x14, 0x14, 0x21, 0xfe, 0x91, 0x0f,
  0x00, 0x05, 0x00, 0x33, 0xff, 0xf0, 0x06, 0xe7, 0x05, 0x91, 0x00, 0x0a,
  0x00, 0x0e, 0x00, 0x1a, 0x00, 0x26, 0x00, 0x32, 0x00, 0x87, 0x4b, 0xb0,
  0x1f, 0x50, 0x58, 0x40, 0x29, 0x00, 0x07, 0x00, 0x08, 0x05, 0x07, 0x08,
  0x6a, 0x00, 0x05, 0x00, 0x01, 0x09, 0x05, 0x01, 0x69, 0x00, 0x04, 0x04,
  0x00, 0x61, 0x0b, 0x03, 0x0a, 0x03, 0x00, 0x00, 0x4b, 0x4d, 0x00, 0x09,
  0x09, 0x02, 0x61, 0x06, 0x01, 0x02, 0x02, 0x46, 0x02, 0x4e, 0x1b, 0x40,
  0x31, 0x00, 0x07, 0x00, 0x08, 0x05, 0x07, 0x08, 0x6a, 0x00, 0x05, 0x00,
  0x01, 0x09, 0x05, 0x01, 0x69, 0x0b, 0x01, 0x03, 0x03, 0x45, 0x4d, 0x00,
  0x04, 0x04, 0x00, 0x61, 0x0a, 0x01, 0x00, 0x00, 0x4b, 0x4d, 0x00, 0x02,
  0x02, 0x46, 0x4d, 0x00, 0x09, 0x09, 0x06, 0x61, 0x00, 0x06, 0x06, 0x4c,
  0x06, 0x4e, 0x59, 0x40, 0x1f, 0x0b, 0x0b, 0x01, 0x00, 0x31, 0x2f, 0x2b,
  0x29, 0x25, 0x23, 0x1f, 0x1d, 0x19, 0x17, 0x13, 0x11, 0x0b, 0x0e, 0x0b,
  0x0e, 0x0d, 0x0c, 0x06, 0x04, 0x00, 0x0a, 0x01, 0x0a, 0x0c, 0x0a, 0x16,
  0x2b, 0x01, 0x20, 0x11, 0x14, 0x06, 0x23, 0x22, 0x26, 0x35, 0x34, 0x36,
  0x05, 0x01, 0x23, 0x01, 0x01, 0x34, 0x26, 0x23, 0x22, 0x06, 0x15, 0x14,
  0x16, 0x33, 0x32, 0x36, 0x01, 0x14, 0x06, 0x23, 0x22, 0x26, 0x35, 0x34,
  0x36, 0x33, 0x32, 0x16, 0x07, 0x34, 0x26, 0x23, 0x22, 0x06, 0x15, 0x14,
  0x16, 0x33, 0x32, 0x36, 0x01, 0x98, 0x01, 0x60, 0xb5, 0xb0, 0xae, 0xb2,
  0xac, 0x04, 0xe4, 0xfc, 0x65, 0xce, 0x03, 0x98, 0xfd, 0x2d, 0x3d, 0x4a,
  0x50, 0x3e, 0x41, 0x4b, 0x4a, 0x3f, 0x04, 0xc8, 0xb4, 0xae, 0xb0, 0xb2,
  0xac, 0xba, 0xb4, 0xaa, 0xd7, 0x3d, 0x4a, 0x50, 0x3d, 0x41, 0x4a, 0x49,
  0x40, 0x05, 0x91, 0xfe, 0x40, 0xda, 0xe7, 0xe5, 0xdc, 0xe3, 0xdd, 0x10,
  0xfa, 0x7f, 0x05, 0x81, 0xfe, 0x50, 0x9e, 0x87, 0x87, 0x9e, 0x9d, 0x88,
  0x88, 0xfe, 0x7c, 0xda, 0xe6, 0xe4, 0xdc, 0xe0, 0xe1, 0xe3, 0xde, 0xa0,
  0x87, 0x8b, 0x9c, 0xa1, 0x82, 0x88, 0x00, 0x03, 0x00, 0x5a, 0xff, 0xec,
  0x05, 0x87, 0x05, 0x89, 0x00, 0x26, 0x00, 0x33, 0x00, 0x3e, 0x00, 0x85,
  0x4b, 0xb0, 0x14, 0x50, 0x58, 0x40, 0x13, 0x37, 0x2f, 0x1c, 0x18, 0x16,
  0x15, 0x13, 0x11, 0x03, 0x09, 0x01, 0x04, 0x22, 0x1d, 0x02, 0x02, 0x01,
  0x02, 0x4c, 0x1b, 0x40, 0x13, 0x37, 0x2f, 0x1c, 0x18, 0x16, 0x15, 0x13,
  0x11, 0x03, 0x09, 0x01, 0x04, 0x22, 0x1d, 0x02, 0x02, 0x05, 0x02, 0x4c,
  0x59, 0x4b, 0xb0, 0x14, 0x50, 0x58, 0x40, 0x17, 0x00, 0x04, 0x04, 0x00,
  0x61, 0x00, 0x00, 0x00, 0x45, 0x4d, 0x05, 0x01, 0x01, 0x01, 0x02, 0x61,
  0x03, 0x01, 0x02, 0x02, 0x4c, 0x02, 0x4e, 0x1b, 0x40, 0x21, 0x00, 0x04,
  0x04, 0x00, 0x61, 0x00, 0x00, 0x00, 0x45, 0x4d, 0x00, 0x01, 0x01, 0x02,
  0x61, 0x03, 0x01, 0x02, 0x02, 0x4c, 0x4d, 0x00, 0x05, 0x05, 0x02, 0x61,
  0x03, 0x01, 0x02, 0x02, 0x4c, 0x02, 0x4e, 0x59, 0x40, 0x0e, 0x3d, 0x3b,
  0x2b, 0x29, 0x25, 0x23, 0x20, 0x1e, 0x1b, 0x19, 0x27, 0x06, 0x0a, 0x17,
  0x2b, 0x13, 0x34, 0x36, 0x37, 0x26, 0x35, 0x34, 0x36, 0x33, 0x32, 0x16,
  0x15, 0x14, 0x06, 0x07, 0x06, 0x06, 0x07, 0x16, 0x17, 0x36, 0x37, 0x17,
  0x06, 0x07, 0x16, 0x33, 0x32, 0x37, 0x15, 0x06, 0x23, 0x22, 0x26, 0x27,
  0x06, 0x23, 0x22, 0x26, 0x01, 0x34, 0x26, 0x23, 0x22, 0x06, 0x15, 0x14,
  0x17, 0x36, 0x37, 0x36, 0x36, 0x03, 0x26, 0x26, 0x27, 0x06, 0x15, 0x14,
  0x16, 0x33, 0x32, 0x36, 0x5a, 0xa2, 0xb0, 0x4a, 0xc4, 0xb5, 0xa8, 0xc3,
  0x4e, 0x47, 0x24, 0x79, 0x56, 0x64, 0x90, 0x68, 0x36, 0xd1, 0x43, 0x7e,
  0x55, 0x5d, 0x42, 0x33, 0x36, 0x4d, 0x56, 0xad, 0x47, 0xa9, 0xd2, 0xe7,
  0xfe, 0x03, 0x0c, 0x4c, 0x41, 0x4d, 0x51, 0x36, 0x6a, 0x2d, 0x2d, 0x31,
  0x52, 0x53, 0x88, 0x35, 0xac, 0x82, 0x70, 0x41, 0x69, 0x01, 0x81, 0x87,
  0xd3, 0x52, 0x97, 0x80, 0x9c, 0xa9, 0xa0, 0x89, 0x4d, 0x7c, 0x35, 0x1a,
  0x43, 0x28, 0xb1, 0x9f, 0x9f, 0xcc, 0x46, 0xe6, 0xbe, 0x49, 0x10, 0xcb,
  0x16, 0x3e, 0x3b, 0x81, 0xd5, 0x03, 0x9d, 0x39, 0x48, 0x56, 0x47, 0x56,
  0x6b, 0x2d, 0x1f, 0x1f, 0x46, 0xfc, 0xc4, 0x5c, 0xbd, 0x60, 0x51, 0x99,
  0x63, 0x78, 0x30, 0x00, 0x00, 0x01, 0x00, 0x6d, 0x03, 0x82, 0x01, 0x7d,
  0x05, 0x81, 0x00, 0x03, 0x00, 0x19, 0x40, 0x16, 0x00, 0x00, 0x00, 0x01,
  0x5f, 0x02, 0x01, 0x01, 0x01, 0x45, 0x00, 0x4e, 0x00, 0x00, 0x00, 0x03,
  0x00, 0x03, 0x11, 0x03, 0x0a, 0x17, 0x2b, 0x01, 0x03, 0x23, 0x03, 0x01,
  0x7d, 0x1b, 0xdb, 0x1a, 0x05, 0x81, 0xfe, 0x01, 0x01, 0xff, 0x00, 0x01,
  0x00, 0x66, 0xfe, 0x57, 0x02, 0xa8, 0x05, 0xcc, 0x00, 0x10, 0x00, 0x19,
  0x40, 0x16, 0x00, 0x00, 0x00, 0x47, 0x4d, 0x02, 0x01, 0x01, 0x01, 0x4a,
  0x01, 0x4e, 0x00, 0x00, 0x00, 0x10, 0x00, 0x10, 0x18, 0x03, 0x0a, 0x17,
  0x2b, 0x01, 0x26, 0x02, 0x02, 0x35, 0x34, 0x12, 0x12, 0x37, 0x21, 0x06,
  0x02, 0x11, 0x14, 0x12, 0x12, 0x17, 0x01, 0x8f, 0x68, 0x84, 0x3d, 0x3d,
  0x84, 0x68, 0x01, 0x19, 0x9e, 0x8f, 0x3e, 0x85, 0x6a, 0xfe, 0x57, 0x97,
  0x01, 0x29, 0x01, 0x42, 0xba, 0xba, 0x01, 0x41, 0x01, 0x28, 0x96, 0xe4,
  0xfe, 0x3c, 0xfe, 0xee, 0xb6, 0xfe, 0xc2, 0xfe, 0xd5, 0x9c, 0x00, 0x01,
  0x00, 0x02, 0xfe, 0x57, 0x02, 0x44, 0x05, 0xcc, 0x00, 0x10, 0x00, 0x19,
  0x40, 0x16, 0x00, 0x00, 0x00, 0x47, 0x4d, 0x02, 0x01, 0x01, 0x01, 0x4a,
  0x01, 0x4e, 0x00, 0x00, 0x00, 0x10, 0x00, 0x10, 0x17, 0x03, 0x0a, 0x17,
  0x2b, 0x13, 0x36, 0x12, 0x12, 0x35, 0x10, 0x02, 0x27, 0x21, 0x16, 0x12,
  0x12, 0x15, 0x14, 0x02, 0x02, 0x07, 0x02, 0x6b, 0x84, 0x3e, 0x90, 0x9d,
  0x01, 0x19, 0x6a, 0x82, 0x3d, 0x3d, 0x82, 0x6a, 0xfe, 0x57, 0x9c, 0x01,
  0x2b, 0x01, 0x3e, 0xb6, 0x01, 0x13, 0x01, 0xc5, 0xe2, 0x97, 0xfe, 0xd6,
  0xfe, 0xc0, 0xb8, 0xb9, 0xfe, 0xbf, 0xfe, 0xd6, 0x98, 0x00, 0x00, 0x01,
  0x00, 0x06, 0x02, 0x87, 0x03, 0x1b, 0x05, 0x81, 0x00, 0x0e, 0x00, 0x1c,
  0x40, 0x19, 0x0e, 0x0d, 0x0c, 0x0b, 0x08, 0x07, 0x06, 0x05, 0x04, 0x03,
  0x02, 0x01, 0x0c, 0x00, 0x49, 0x00, 0x00, 0x00, 0x45, 0x00, 0x4e, 0x19,
  0x01, 0x0a, 0x17, 0x2b, 0x01, 0x07, 0x27, 0x07, 0x27, 0x37, 0x27, 0x37,
  0x17, 0x03, 0x33, 0x03, 0x37, 0x17, 0x07, 0x02, 0xdb, 0xb8, 0x92, 0x95,
  0xba, 0xbe, 0xfa, 0x44, 0xef, 0x12, 0xd7, 0x12, 0xeb, 0x44, 0xfa, 0x03,
  0x00, 0x79, 0xfc, 0xfc, 0x7b, 0xd3, 0x3d, 0xc5, 0x68, 0x01, 0x12, 0xfe,
  0xee, 0x68, 0xc5, 0x3d, 0x00, 0x01, 0x00, 0x56, 0x00, 0xa1, 0x04, 0x59,
  0x04, 0xb1, 0x00, 0x0b, 0x00, 0x2c, 0x40, 0x29, 0x00, 0x03, 0x02, 0x00,
  0x03, 0x57, 0x04, 0x01, 0x02, 0x06, 0x05, 0x02, 0x01, 0x00, 0x02, 0x01,
  0x67, 0x00, 0x03, 0x03, 0x00, 0x5f, 0x00, 0x00, 0x03, 0x00, 0x4f, 0x00,
  0x00, 0x00, 0x0b, 0x00, 0x0b, 0x11, 0x11, 0x11, 0x11, 0x11, 0x07, 0x0a,
  0x1b, 0x2b, 0x01, 0x11, 0x23, 0x11, 0x21, 0x35, 0x21, 0x11, 0x33, 0x11,
  0x21, 0x15, 0x02, 0xc7, 0xe2, 0xfe, 0x71, 0x01, 0x8f, 0xe2, 0x01, 0x92,
  0x02, 0x39, 0xfe, 0x68, 0x01, 0x98, 0xe0, 0x01, 0x98, 0xfe, 0x68, 0xe0,
  0x00, 0x01, 0x00, 0x8b, 0xfe, 0xc3, 0x01, 0xb0, 0x01, 0x31, 0x00, 0x0a,
  0x00, 0x19, 0x40, 0x16, 0x00, 0x00, 0x01, 0x00, 0x86, 0x00, 0x02, 0x02,
  0x01, 0x5f, 0x00, 0x01, 0x01, 0x46, 0x01, 0x4e, 0x11, 0x13, 0x13, 0x03,
  0x0a, 0x19, 0x2b, 0x25, 0x14, 0x06, 0x07, 0x23, 0x36, 0x36, 0x35, 0x23,
  0x11, 0x21, 0x01, 0xb0, 0x33, 0x39, 0xb9, 0x3b, 0x4a, 0x81, 0x01, 0x21,
  0x42, 0x78, 0xb8, 0x4f, 0x47, 0xaa, 0x4c, 0x01, 0x31, 0x00, 0x00, 0x01,
  0x00, 0x50, 0x01, 0x99, 0x02, 0x58, 0x02, 0x8d, 0x00, 0x03, 0x00, 0x1f,
  0x40, 0x1c, 0x02, 0x01, 0x01, 0x00, 0x00, 0x01, 0x57, 0x02, 0x01, 0x01,
  0x01, 0x00, 0x5f, 0x00, 0x00, 0x01, 0x00, 0x4f, 0x00, 0x00, 0x00, 0x03,
  0x00, 0x03, 0x11, 0x03, 0x0a, 0x17, 0x2b, 0x01, 0x15, 0x21, 0x35, 0x02,
  0x58, 0xfd, 0xf8, 0x02, 0x8d, 0xf4, 0xf4, 0x00, 0x00, 0x01, 0x00, 0x8b,
  0x00, 0x00, 0x01, 0xac, 0x01, 0x31, 0x00, 0x03, 0x00, 0x19, 0x40, 0x16,
  0x02, 0x01, 0x01, 0x01, 0x00, 0x5f, 0x00, 0x00, 0x00, 0x46, 0x00, 0x4e,
  0x00, 0x00, 0x00, 0x03, 0x00, 0x03, 0x11, 0x03, 0x0a, 0x17, 0x2b, 0x01,
  0x11, 0x21, 0x11, 0x01, 0xac, 0xfe, 0xdf, 0x01, 0x31, 0xfe, 0xcf, 0x01,
  0x31, 0x00, 0x00, 0x01, 0x00, 0x14, 0xff, 0xd7, 0x02, 0x25, 0x05, 0xcc,
  0x00, 0x03, 0x00, 0x30, 0x4b, 0xb0, 0x19, 0x50, 0x58, 0x40, 0x0c, 0x02,
  0x01, 0x01, 0x01, 0x47, 0x4d, 0x00, 0x00, 0x00, 0x46, 0x00, 0x4e, 0x1b,
  0x40, 0x0c, 0x00, 0x00, 0x01, 0x00, 0x86, 0x02, 0x01, 0x01, 0x01, 0x47,
  0x01, 0x4e, 0x59, 0x40, 0x0a, 0x00, 0x00, 0x00, 0x03, 0x00, 0x03, 0x11,
  0x03, 0x0a, 0x17, 0x2b, 0x01, 0x01, 0x23, 0x01, 0x02, 0x25, 0xfe, 0xe2,
  0xf3, 0x01, 0x23, 0x05, 0xcc, 0xfa, 0x0b, 0x05, 0xf5, 0x00, 0x00, 0x02,
  0x00, 0x51, 0xff, 0xec, 0x04, 0x1f, 0x05, 0x96, 0x00, 0x0a, 0x00, 0x19,
  0x00, 0x1f, 0x40, 0x1c, 0x00, 0x02, 0x02, 0x01, 0x61, 0x00, 0x01, 0x01,
  0x4b, 0x4d, 0x00, 0x03, 0x03, 0x00, 0x61, 0x00, 0x00, 0x00, 0x4c, 0x00,
  0x4e, 0x26, 0x25, 0x23, 0x22, 0x04, 0x0a, 0x1a, 0x2b, 0x01, 0x10, 0x02,
  0x23, 0x20, 0x11, 0x10, 0x12, 0x21, 0x32, 0x12, 0x01, 0x34, 0x26, 0x26,
  0x23, 0x22, 0x06, 0x06, 0x15, 0x14, 0x16, 0x16, 0x33, 0x32, 0x36, 0x04,
  0x1f, 0xf5, 0xf5, 0xfe, 0x1c, 0xe7, 0x01, 0x05, 0xfa, 0xe8, 0xfe, 0xe6,
  0x22, 0x58, 0x50, 0x55, 0x5b, 0x21, 0x23, 0x59, 0x51, 0x78, 0x56, 0x02,
  0xc1, 0xfe, 0x9b, 0xfe, 0x90, 0x02, 0xd5, 0x01, 0x73, 0x01, 0x62, 0xfe,
  0x96, 0xfe, 0x95, 0xbe, 0xdd, 0x5e, 0x5f, 0xdd, 0xbd, 0xbd, 0xdd, 0x5e,
  0xe8, 0x00, 0x00, 0x01, 0x00, 0x81, 0x00, 0x00, 0x04, 0x3a, 0x05, 0x81,
  0x00, 0x0a, 0x00, 0x29, 0x40, 0x26, 0x07, 0x06, 0x05, 0x03, 0x01, 0x02,
  0x01, 0x4c, 0x00, 0x02, 0x02, 0x45, 0x4d, 0x04, 0x03, 0x02, 0x01, 0x01,
  0x00, 0x60, 0x00, 0x00, 0x00, 0x46, 0x00, 0x4e, 0x00, 0x00, 0x00, 0x0a,
  0x00, 0x0a, 0x14, 0x11, 0x11, 0x05, 0x0a, 0x19, 0x2b, 0x25, 0x15, 0x21,
  0x35, 0x21, 0x11, 0x05, 0x35, 0x25, 0x21, 0x11, 0x04, 0x3a, 0xfc, 0x47,
  0x01, 0x5d, 0xfe, 0xae, 0x01, 0x61, 0x01, 0x0a, 0xd1, 0xd1, 0xd1, 0x03,
  0xc1, 0xd3, 0xdd, 0xe5, 0xfb, 0x50, 0x00, 0x01, 0x00, 0x47, 0x00, 0x00,
  0x04, 0x21, 0x05, 0x96, 0x00, 0x1f, 0x00, 0x5d, 0xb5, 0x03, 0x01, 0x00,
  0x04, 0x01, 0x4c, 0x4b, 0xb0, 0x0e, 0x50, 0x58, 0x40, 0x1d, 0x00, 0x02,
  0x01, 0x04, 0x01, 0x02, 0x72, 0x00, 0x01, 0x01, 0x03, 0x61, 0x00, 0x03,
  0x03, 0x4b, 0x4d, 0x05, 0x01, 0x04, 0x04, 0x00, 0x5f, 0x00, 0x00, 0x00,
  0x46, 0x00, 0x4e, 0x1b, 0x40, 0x1e, 0x00, 0x02, 0x01, 0x04, 0x01, 0x02,
  0x04, 0x80, 0x00, 0x01, 0x01, 0x03, 0x61, 0x00, 0x03, 0x03, 0x4b, 0x4d,
  0x05, 0x01, 0x04, 0x04, 0x00, 0x5f, 0x00, 0x00, 0x00, 0x46, 0x00, 0x4e,
  0x59, 0x40, 0x0d, 0x00, 0x00, 0x00, 0x1f, 0x00, 0x1f, 0x22, 0x12, 0x29,
  0x11, 0x06, 0x0a, 0x1a, 0x2b, 0x25, 0x15, 0x21, 0x35, 0x36, 0x36, 0x37,
  0x36, 0x37, 0x36, 0x35, 0x34, 0x23, 0x22, 0x06, 0x07, 0x25, 0x36, 0x36,
  0x33, 0x32, 0x16, 0x15, 0x14, 0x06, 0x07, 0x06, 0x06, 0x07, 0x06, 0x06,
  0x07, 0x04, 0x21, 0xfc, 0x26, 0x37, 0xcb, 0x9a, 0x95, 0x3a, 0x3c, 0xb9,
  0x5a, 0x5f, 0x0e, 0xfe, 0xe5, 0x18, 0xf5, 0xd3, 0xe4, 0xf4, 0x58, 0x44,
  0x38, 0x8d, 0x42, 0x46, 0x73, 0x1c, 0xe7, 0xe7, 0xc3, 0x79, 0xe6, 0x7d,
  0x78, 0x4e, 0x4e, 0x4b, 0xb8, 0x61, 0x61, 0x10, 0xc4, 0xce, 0xd0, 0xbc,
  0x6a, 0xa8, 0x47, 0x3d, 0x6e, 0x34, 0x38, 0x72, 0x41, 0x00, 0x00, 0x01,
  0x00, 0x2f, 0xff, 0xe9, 0x04, 0x29, 0x05, 0x96, 0x00, 0x26, 0x00, 0x3d,
  0x40, 0x3a, 0x23, 0x01, 0x02, 0x03, 0x07, 0x06, 0x02, 0x01, 0x02, 0x02,
  0x4c, 0x00, 0x05, 0x04, 0x03, 0x04, 0x05, 0x03, 0x80, 0x00, 0x03, 0x00,
  0x02, 0x01, 0x03, 0x02, 0x69, 0x00, 0x04, 0x04, 0x06, 0x61, 0x00, 0x06,
  0x06, 0x4b, 0x4d, 0x00, 0x01, 0x01, 0x00, 0x61, 0x00, 0x00, 0x00, 0x4c,
  0x00, 0x4e, 0x22, 0x12, 0x23, 0x21, 0x23, 0x24, 0x22, 0x07, 0x0a, 0x1d,
  0x2b, 0x01, 0x14, 0x04, 0x23, 0x22, 0x24, 0x27, 0x25, 0x16, 0x33, 0x32,
  0x36, 0x35, 0x34, 0x21, 0x23, 0x35, 0x33, 0x32, 0x35, 0x34, 0x26, 0x23,
  0x22, 0x06, 0x07, 0x25, 0x36, 0x24, 0x33, 0x32, 0x16, 0x15, 0x14, 0x06,
  0x07, 0x15, 0x16, 0x16, 0x04, 0x29, 0xfe, 0xfc, 0xf0, 0xe3, 0xfe, 0xf4,
  0x17, 0x01, 0x1e, 0x1b, 0xcc, 0x65, 0x70, 0xfe, 0xf2, 0x62, 0x5c, 0xf3,
  0x61, 0x5d, 0x57, 0x6b, 0x08, 0xfe, 0xe7, 0x16, 0x01, 0x02, 0xd0, 0xdd,
  0xf9, 0x9b, 0x92, 0xa2, 0xaf, 0x01, 0x87, 0xc6, 0xd8, 0xd1, 0xc5, 0x19,
  0xcb, 0x64, 0x67, 0xc2, 0xe3, 0xbf, 0x57, 0x63, 0x60, 0x58, 0x14, 0xb6,
  0xce, 0xc7, 0xb0, 0x84, 0xaa, 0x1c, 0x04, 0x13, 0xaf, 0x00, 0x00, 0x02,
  0x00, 0x1f, 0x00, 0x00, 0x04, 0x68, 0x05, 0x81, 0x00, 0x0a, 0x00, 0x13,
  0x00, 0x2e, 0x40, 0x2b, 0x05, 0x01, 0x03, 0x02, 0x01, 0x4c, 0x05, 0x01,
  0x03, 0x06, 0x04, 0x02, 0x01, 0x00, 0x03, 0x01, 0x68, 0x00, 0x02, 0x02,
  0x45, 0x4d, 0x00, 0x00, 0x00, 0x46, 0x00, 0x4e, 0x00, 0x00, 0x0c, 0x0b,
  0x00, 0x0a, 0x00, 0x0a, 0x11, 0x12, 0x11, 0x11, 0x07, 0x0a, 0x1a, 0x2b,
  0x01, 0x11, 0x21, 0x11, 0x21, 0x35, 0x01, 0x21, 0x11, 0x33, 0x15, 0x25,
  0x21, 0x11, 0x34, 0x36, 0x37, 0x06, 0x06, 0x07, 0x03, 0xac, 0xfe, 0xf4,
  0xfd, 0x7f, 0x02, 0x53, 0x01, 0x3a, 0xbc, 0xfc, 0x9c, 0x01, 0x9c, 0x07,
  0x02, 0x0d, 0x2f, 0x22, 0x01, 0x1f, 0xfe, 0xe1, 0x01, 0x1f, 0xd3, 0x03,
  0x8f, 0xfc, 0x6f, 0xd1, 0xd1, 0x01, 0xcd, 0x36, 0x7e, 0x12, 0x1c, 0x51,
  0x35, 0x00, 0x00, 0x01, 0x00, 0x3f, 0xff, 0xec, 0x04, 0x3a, 0x05, 0x81,
  0x00, 0x1c, 0x00, 0x3d, 0x40, 0x3a, 0x18, 0x01, 0x02, 0x06, 0x07, 0x06,
  0x02, 0x01, 0x03, 0x02, 0x4c, 0x00, 0x03, 0x02, 0x01, 0x02, 0x03, 0x01,
  0x80, 0x00, 0x06, 0x00, 0x02, 0x03, 0x06, 0x02, 0x69, 0x00, 0x05, 0x05,
  0x04, 0x5f, 0x00, 0x04, 0x04, 0x45, 0x4d, 0x00, 0x01, 0x01, 0x00, 0x61,
  0x00, 0x00, 0x00, 0x4c, 0x00, 0x4e, 0x22, 0x11, 0x11, 0x11, 0x24, 0x25,
  0x22, 0x07, 0x0a, 0x1d, 0x2b, 0x01, 0x14, 0x00, 0x23, 0x22, 0x26, 0x27,
  0x25, 0x16, 0x16, 0x33, 0x32, 0x36, 0x35, 0x34, 0x26, 0x23, 0x22, 0x07,
  0x21, 0x13, 0x21, 0x15, 0x21, 0x03, 0x36, 0x33, 0x32, 0x16, 0x04, 0x3a,
  0xfe, 0xe9, 0xf3, 0xd4, 0xff, 0x1e, 0x01, 0x19, 0x16, 0x70, 0x55, 0x69,
  0x7d, 0x76, 0x6a, 0x76, 0x49, 0xfe, 0xee, 0x31, 0x03, 0x4f, 0xfd, 0xb0,
  0x17, 0x66, 0x99, 0xc9, 0xf1, 0x01, 0xd5, 0xe0, 0xfe, 0xf7, 0xbf, 0xb5,
  0x17, 0x5a, 0x52, 0x86, 0x7e, 0x6f, 0x85, 0x5b, 0x03, 0x19, 0xd1, 0xfe,
  0x9c, 0x5a, 0xfa, 0x00, 0x00, 0x02, 0x00, 0x4b, 0xff, 0xec, 0x04, 0x29,
  0x05, 0x96, 0x00, 0x17, 0x00, 0x23, 0x00, 0x34, 0x40, 0x31, 0x0d, 0x0c,
  0x02, 0x03, 0x02, 0x12, 0x01, 0x04, 0x03, 0x02, 0x4c, 0x00, 0x03, 0x00,
  0x04, 0x05, 0x03, 0x04, 0x69, 0x00, 0x02, 0x02, 0x01, 0x61, 0x00, 0x01,
  0x01, 0x4b, 0x4d, 0x00, 0x05, 0x05, 0x00, 0x61, 0x00, 0x00, 0x00, 0x4c,
  0x00, 0x4e, 0x24, 0x24, 0x24, 0x24, 0x24, 0x22, 0x06, 0x0a, 0x1c, 0x2b,
  0x01, 0x14, 0x02, 0x23, 0x22, 0x00, 0x11, 0x10, 0x00, 0x33, 0x32, 0x16,
  0x17, 0x05, 0x26, 0x23, 0x22, 0x06, 0x15, 0x36, 0x36, 0x33, 0x32, 0x16,
  0x05, 0x34, 0x26, 0x23, 0x22, 0x06, 0x15, 0x14, 0x16, 0x33, 0x32, 0x36,
  0x04, 0x29, 0xfc, 0xde, 0xf9, 0xfe, 0xf5, 0x01, 0x0f, 0xfc, 0xb3, 0xcf,
  0x2b, 0xfe, 0xf7, 0x25, 0x85, 0x71, 0x81, 0x2d, 0xa0, 0x65, 0xbd, 0xdc,
  0xfe, 0xe6, 0x6f, 0x61, 0x5d, 0x70, 0x75, 0x5f, 0x5f, 0x6a, 0x01, 0xcd,
  0xe1, 0xff, 0x00, 0x01, 0x5d, 0x01, 0x57, 0x01, 0x79, 0x01, 0x7d, 0x9e,
  0xa6, 0x25, 0x8b, 0xe2, 0xe6, 0x4b, 0x50, 0xf0, 0xd6, 0x78, 0x7f, 0x77,
  0x62, 0x7b, 0xa1, 0x87, 0x00, 0x01, 0x00, 0x58, 0x00, 0x00, 0x04, 0x19,
  0x05, 0x81, 0x00, 0x10, 0x00, 0x1f, 0x40, 0x1c, 0x00, 0x01, 0x01, 0x02,
  0x01, 0x4c, 0x00, 0x01, 0x01, 0x02, 0x5f, 0x00, 0x02, 0x02, 0x45, 0x4d,
  0x00, 0x00, 0x00, 0x46, 0x00, 0x4e, 0x11, 0x16, 0x16, 0x03, 0x0a, 0x19,
  0x2b, 0x01, 0x06, 0x02, 0x07, 0x06, 0x02, 0x15, 0x21, 0x34, 0x12, 0x37,
  0x36, 0x12, 0x37, 0x21, 0x35, 0x21, 0x04, 0x19, 0x5f, 0xa9, 0x3f, 0x3f,
  0x49, 0xfe, 0xdb, 0x46, 0x4c, 0x32, 0xa4, 0x87, 0xfd, 0x44, 0x03, 0xc1,
  0x04, 0xa2, 0x96, 0xfe, 0xe7, 0x8f, 0x8e, 0xfe, 0xd2, 0xa8, 0xa1, 0x01,
  0x21, 0xa0, 0x68, 0x01, 0x0c, 0xc4, 0xe7, 0x00, 0x00, 0x03, 0x00, 0x41,
  0xff, 0xec, 0x04, 0x34, 0x05, 0x96, 0x00, 0x19, 0x00, 0x22, 0x00, 0x2d,
  0x00, 0x30, 0x40, 0x2d, 0x16, 0x09, 0x02, 0x04, 0x03, 0x01, 0x4c, 0x00,
  0x03, 0x00, 0x04, 0x05, 0x03, 0x04, 0x69, 0x00, 0x02, 0x02, 0x01, 0x61,
  0x00, 0x01, 0x01, 0x4b, 0x4d, 0x00, 0x05, 0x05, 0x00, 0x61, 0x00, 0x00,
  0x00, 0x4c, 0x00, 0x4e, 0x24, 0x23, 0x22, 0x2a, 0x2b, 0x22, 0x06, 0x0a,
  0x1c, 0x2b, 0x01, 0x14, 0x04, 0x23, 0x22, 0x24, 0x35, 0x34, 0x36, 0x37,
  0x35, 0x26, 0x26, 0x35, 0x34, 0x36, 0x33, 0x32, 0x16, 0x15, 0x14, 0x06,
  0x07, 0x15, 0x16, 0x16, 0x01, 0x34, 0x23, 0x22, 0x15, 0x14, 0x33, 0x32,
  0x36, 0x13, 0x34, 0x23, 0x22, 0x06, 0x15, 0x14, 0x16, 0x33, 0x32, 0x36,
  0x04, 0x34, 0xfe, 0xfa, 0xf3, 0xf1, 0xfe, 0xf7, 0x9c, 0x83, 0x72, 0x8c,
  0xf5, 0xe0, 0xe5, 0xf5, 0x8b, 0x75, 0x88, 0x9b, 0xfe, 0xbc, 0xb9, 0xb6,
  0xb8, 0x5c, 0x5b, 0x21, 0xdc, 0x66, 0x6d, 0x6c, 0x6f, 0x6d, 0x67, 0x01,
  0x8d, 0xc6, 0xdb, 0xda, 0xc5, 0x87, 0xb9, 0x16, 0x04, 0x19, 0xb0, 0x73,
  0xad, 0xc8, 0xc3, 0xb4, 0x73, 0xae, 0x17, 0x04, 0x16, 0xb3, 0x01, 0xf6,
  0xc1, 0xc1, 0xca, 0x5e, 0xfe, 0x00, 0xdd, 0x74, 0x6d, 0x7c, 0x72, 0x72,
  0x00, 0x02, 0x00, 0x47, 0xff, 0xec, 0x04, 0x27, 0x05, 0x96, 0x00, 0x16,
  0x00, 0x22, 0x00, 0x34, 0x40, 0x31, 0x0c, 0x01, 0x02, 0x05, 0x07, 0x06,
  0x02, 0x01, 0x02, 0x02, 0x4c, 0x00, 0x05, 0x00, 0x02, 0x01, 0x05, 0x02,
  0x69, 0x00, 0x04, 0x04, 0x03, 0x61, 0x00, 0x03, 0x03, 0x4b, 0x4d, 0x00,
  0x01, 0x01, 0x00, 0x61, 0x00, 0x00, 0x00, 0x4c, 0x00, 0x4e, 0x24, 0x23,
  0x24, 0x24, 0x24, 0x22, 0x06, 0x0a, 0x1c, 0x2b, 0x01, 0x10, 0x00, 0x23,
  0x22, 0x26, 0x27, 0x25, 0x16, 0x33, 0x32, 0x36, 0x37, 0x06, 0x06, 0x23,
  0x22, 0x26, 0x35, 0x34, 0x24, 0x33, 0x20, 0x01, 0x34, 0x26, 0x23, 0x22,
  0x06, 0x15, 0x14, 0x16, 0x33, 0x32, 0x36, 0x04, 0x27, 0xfe, 0xee, 0xfc,
  0xba, 0xd3, 0x2c, 0x01, 0x08, 0x27, 0x8d, 0x76, 0x7f, 0x02, 0x26, 0xad,
  0x64, 0xba, 0xdb, 0x01, 0x01, 0xeb, 0x01, 0xf4, 0xfe, 0xd7, 0x73, 0x5f,
  0x5d, 0x6b, 0x6a, 0x5f, 0x5a, 0x77, 0x02, 0xd7, 0xfe, 0x89, 0xfe, 0x8c,
  0x9f, 0xac, 0x25, 0x93, 0xe2, 0xde, 0x4b, 0x55, 0xfd, 0xd8, 0xde, 0xfa,
  0xfe, 0x06, 0x83, 0x9b, 0x87, 0x77, 0x75, 0x8d, 0x7b, 0x00, 0x00, 0x02,
  0x00, 0xc5, 0x00, 0x00, 0x01, 0xe5, 0x04, 0x0a, 0x00, 0x03, 0x00, 0x07,
  0x00, 0x4c, 0x4b, 0xb0, 0x16, 0x50, 0x58, 0x40, 0x17, 0x00, 0x00, 0x00,
  0x01, 0x5f, 0x04, 0x01, 0x01, 0x01, 0x48, 0x4d, 0x05, 0x01, 0x03, 0x03,
  0x02, 0x5f, 0x00, 0x02, 0x02, 0x46, 0x02, 0x4e, 0x1b, 0x40, 0x15, 0x04,
  0x01, 0x01, 0x00, 0x00, 0x03, 0x01, 0x00, 0x67, 0x05, 0x01, 0x03, 0x03,
  0x02, 0x5f, 0x00, 0x02, 0x02, 0x46, 0x02, 0x4e, 0x59, 0x40, 0x12, 0x04,
  0x04, 0x00, 0x00, 0x04, 0x07, 0x04, 0x07, 0x06, 0x05, 0x00, 0x03, 0x00,
  0x03, 0x11, 0x06, 0x0a, 0x17, 0x2b, 0x01, 0x11, 0x21, 0x11, 0x01, 0x11,
  0x21, 0x11, 0x01, 0xe5, 0xfe, 0xe0, 0x01, 0x20, 0xfe, 0xe0, 0x04, 0x0a,
  0xfe, 0xe6, 0x01, 0x1a, 0xfd, 0x0f, 0xfe, 0xe7, 0x01, 0x19, 0x00, 0x02,
  0x00, 0xc3, 0xfe, 0xc3, 0x01, 0xe7, 0x04, 0x0a, 0x00, 0x03, 0x00, 0x0e,
  0x00, 0x52, 0x4b, 0xb0, 0x16, 0x50, 0x58, 0x40, 0x1b, 0x00, 0x02, 0x03,
  0x02, 0x86, 0x00, 0x00, 0x00, 0x01, 0x5f, 0x05, 0x01, 0x01, 0x01, 0x2e,
  0x4d, 0x00, 0x04, 0x04, 0x03, 0x5f, 0x00, 0x03, 0x03, 0x2c, 0x03, 0x4e,
  0x1b, 0x40, 0x19, 0x00, 0x02, 0x03, 0x02, 0x86, 0x05, 0x01, 0x01, 0x00,
  0x00, 0x04, 0x01, 0x00, 0x67, 0x00, 0x04, 0x04, 0x03, 0x5f, 0x00, 0x03,
  0x03, 0x2c, 0x03, 0x4e, 0x59, 0x40, 0x10, 0x00, 0x00, 0x0e, 0x0d, 0x0c,
  0x0b, 0x08, 0x07, 0x00, 0x03, 0x00, 0x03, 0x11, 0x06, 0x08, 0x17, 0x2b,
  0x01, 0x11, 0x21, 0x11, 0x01, 0x14, 0x06, 0x07, 0x23, 0x36, 0x36, 0x35,
  0x23, 0x11, 0x21, 0x01, 0xe7, 0xfe, 0xe0, 0x01, 0x20, 0x33, 0x39, 0xb8,
  0x40, 0x45, 0x81, 0x01, 0x20, 0x04, 0x0a, 0xfe, 0xe6, 0x01, 0x1a, 0xfc,
  0x38, 0x78, 0xb8, 0x4f, 0x51, 0xa5, 0x47, 0x01, 0x19, 0x00, 0x00, 0x01,
  0x00, 0x56, 0x00, 0x7d, 0x04, 0x59, 0x04, 0xcd, 0x00, 0x06, 0x00, 0x06,
  0xb3, 0x04, 0x01, 0x01, 0x32, 0x2b, 0x01, 0x15, 0x01, 0x11, 0x01, 0x15,
  0x01, 0x04, 0x59, 0xfb, 0xfd, 0x04, 0x03, 0xfc, 0xbf, 0x01, 0x60, 0xe3,
  0x01, 0x87, 0x01, 0x42, 0x01, 0x87, 0xe4, 0xfe, 0xbb, 0x00, 0x00, 0x02,
  0x00, 0x55, 0x01, 0x23, 0x04, 0x58, 0x04, 0x29, 0x00, 0x03, 0x00, 0x07,
  0x00, 0x29, 0x40, 0x26, 0x05, 0x01, 0x03, 0x00, 0x02, 0x03, 0x02, 0x63,
  0x00, 0x00, 0x00, 0x01, 0x5f, 0x04, 0x01, 0x01, 0x01, 0x48, 0x00, 0x4e,
  0x04, 0x04, 0x00, 0x00, 0x04, 0x07, 0x04, 0x07, 0x06, 0x05, 0x00, 0x03,
  0x00, 0x03, 0x11, 0x06, 0x0a, 0x17, 0x2b, 0x01, 0x15, 0x21, 0x35, 0x01,
  0x15, 0x21, 0x35, 0x04, 0x58, 0xfb, 0xfd, 0x04, 0x03, 0xfb, 0xfd, 0x04,
  0x29, 0xdf, 0xdf, 0xfd, 0xd7, 0xdd, 0xdd, 0x00, 0x00, 0x01, 0x00, 0x56,
  0x00, 0x7d, 0x04, 0x59, 0x04, 0xcd, 0x00, 0x06, 0x00, 0x06, 0xb3, 0x05,
  0x01, 0x01, 0x32, 0x2b, 0x01, 0x01, 0x35, 0x01, 0x01, 0x35, 0x01, 0x04,
  0x59, 0xfb, 0xfd, 0x03, 0x40, 0xfc, 0xc0, 0x04, 0x03, 0x02, 0x04, 0xfe,
  0x79, 0xe3, 0x01, 0x44, 0x01, 0x45, 0xe4, 0xfe, 0x79, 0x00, 0x00, 0x02,
  0x00, 0x5e, 0x00, 0x00, 0x04, 0x6d, 0x05, 0x96, 0x00, 0x19, 0x00, 0x1d,
  0x00, 0x36, 0x40, 0x33, 0x00, 0x02, 0x01, 0x00, 0x01, 0x02, 0x00, 0x80,
  0x00, 0x00, 0x05, 0x01, 0x00, 0x05, 0x7e, 0x00, 0x01, 0x01, 0x03, 0x61,
  0x00, 0x03, 0x03, 0x4b, 0x4d, 0x06, 0x01, 0x05, 0x05, 0x04, 0x5f, 0x00,
  0x04, 0x04, 0x46, 0x04, 0x4e, 0x1a, 0x1a, 0x1a, 0x1d, 0x1a, 0x1d, 0x13,
  0x22, 0x12, 0x28, 0x16, 0x07, 0x0a, 0x1b, 0x2b, 0x01, 0x14, 0x06, 0x07,
  0x07, 0x06, 0x07, 0x21, 0x36, 0x36, 0x37, 0x36, 0x36, 0x35, 0x34, 0x26,
  0x23, 0x22, 0x06, 0x07, 0x25, 0x36, 0x24, 0x33, 0x32, 0x04, 0x01, 0x11,
  0x21, 0x11, 0x04, 0x6d, 0x57, 0x77, 0x4c, 0x84, 0x06, 0xfe, 0xf5, 0x06,
  0x67, 0x64, 0x6b, 0x58, 0x73, 0x6a, 0x65, 0x89, 0x0c, 0xfe, 0xe3, 0x1b,
  0x01, 0x18, 0xe0, 0xed, 0x01, 0x0f, 0xfe, 0x6a, 0xfe, 0xdf, 0x04, 0x02,
  0x61, 0x9a, 0x55, 0x37, 0x5e, 0x73, 0x66, 0xa0, 0x46, 0x4a, 0x71, 0x45,
  0x58, 0x66, 0x76, 0x61, 0x0c, 0xcb, 0xe2, 0xd7, 0xfc, 0x4f, 0xfe, 0xf2,
  0x01, 0x0e, 0x00, 0x02, 0x00, 0x75, 0xfe, 0xbc, 0x07, 0x56, 0x05, 0xae,
  0x00, 0x49, 0x00, 0x5a, 0x00, 0xea, 0x40, 0x0c, 0x18, 0x0a, 0x02, 0x04,
  0x09, 0x38, 0x37, 0x02, 0x06, 0x00, 0x02, 0x4c, 0x4b, 0xb0, 0x17, 0x50,
  0x58, 0x40, 0x27, 0x0a, 0x01, 0x04, 0x01, 0x01, 0x00, 0x06, 0x04, 0x00,
  0x6a, 0x00, 0x06, 0x00, 0x07, 0x06, 0x07, 0x65, 0x00, 0x05, 0x05, 0x08,
  0x61, 0x00, 0x08, 0x08, 0x4b, 0x4d, 0x00, 0x09, 0x09, 0x02, 0x61, 0x03,
  0x01, 0x02, 0x02, 0x48, 0x09, 0x4e, 0x1b, 0x4b, 0xb0, 0x1f, 0x50, 0x58,
  0x40, 0x2b, 0x0a, 0x01, 0x04, 0x01, 0x01, 0x00, 0x06, 0x04, 0x00, 0x6a,
  0x00, 0x06, 0x00, 0x07, 0x06, 0x07, 0x65, 0x00, 0x05, 0x05, 0x08, 0x61,
  0x00, 0x08, 0x08, 0x4b, 0x4d, 0x00, 0x03, 0x03, 0x48, 0x4d, 0x00, 0x09,
  0x09, 0x02, 0x61, 0x00, 0x02, 0x02, 0x48, 0x09, 0x4e, 0x1b, 0x4b, 0xb0,
  0x2a, 0x50, 0x58, 0x40, 0x2e, 0x00, 0x03, 0x02, 0x09, 0x02, 0x03, 0x09,
  0x80, 0x0a, 0x01, 0x04, 0x01, 0x01, 0x00, 0x06, 0x04, 0x00, 0x6a, 0x00,
  0x06, 0x00, 0x07, 0x06, 0x07, 0x65, 0x00, 0x05, 0x05, 0x08, 0x61, 0x00,
  0x08, 0x08, 0x4b, 0x4d, 0x00, 0x09, 0x09, 0x02, 0x61, 0x00, 0x02, 0x02,
  0x48, 0x09, 0x4e, 0x1b, 0x40, 0x2c, 0x00, 0x03, 0x02, 0x09, 0x02, 0x03,
  0x09, 0x80, 0x00, 0x08, 0x00, 0x05, 0x02, 0x08, 0x05, 0x69, 0x0a, 0x01,
  0x04, 0x01, 0x01, 0x00, 0x06, 0x04, 0x00, 0x6a, 0x00, 0x06, 0x00, 0x07,
  0x06, 0x07, 0x65, 0x00, 0x09, 0x09, 0x02, 0x61, 0x00, 0x02, 0x02, 0x48,
  0x09, 0x4e, 0x59, 0x59, 0x59, 0x40, 0x10, 0x56, 0x54, 0x4e, 0x4c, 0x28,
  0x24, 0x28, 0x28, 0x25, 0x13, 0x26, 0x27, 0x24, 0x0b, 0x0a, 0x1f, 0x2b,
  0x01, 0x14, 0x07, 0x06, 0x06, 0x23, 0x22, 0x26, 0x35, 0x34, 0x37, 0x23,
  0x06, 0x06, 0x23, 0x22, 0x26, 0x35, 0x34, 0x37, 0x36, 0x36, 0x33, 0x32,
  0x17, 0x33, 0x37, 0x33, 0x03, 0x06, 0x15, 0x14, 0x16, 0x33, 0x32, 0x37,
  0x36, 0x36, 0x35, 0x34, 0x27, 0x26, 0x24, 0x23, 0x22, 0x07, 0x06, 0x02,
  0x15, 0x14, 0x17, 0x16, 0x04, 0x33, 0x20, 0x25, 0x17, 0x06, 0x04, 0x23,
  0x22, 0x27, 0x26, 0x02, 0x35, 0x10, 0x37, 0x36, 0x24, 0x21, 0x32, 0x17,
  0x16, 0x12, 0x05, 0x34, 0x26, 0x23, 0x22, 0x07, 0x06, 0x06, 0x15, 0x14,
  0x16, 0x33, 0x32, 0x37, 0x3e, 0x02, 0x07, 0x56, 0x3f, 0x40, 0xe0, 0x82,
  0x5c, 0x63, 0x06, 0x06, 0x32, 0xc5, 0x67, 0x9d, 0xad, 0x41, 0x41, 0xe4,
  0x8e, 0xc3, 0x45, 0x06, 0x27, 0x9c, 0x75, 0x25, 0x2f, 0x1f, 0x50, 0x49,
  0x49, 0x55, 0x4c, 0x4c, 0xfe, 0xdf, 0xbf, 0xf0, 0xb7, 0xb7, 0xd1, 0x50,
  0x50, 0x01, 0x1f, 0xc2, 0x01, 0x25, 0x01, 0x28, 0x3e, 0xa8, 0xfe, 0xbf,
  0xa9, 0xec, 0xb3, 0xb4, 0xc9, 0x7f, 0x7e, 0x01, 0xbe, 0x01, 0x14, 0xf3,
  0xb2, 0xb2, 0xbb, 0xfd, 0x79, 0x77, 0x5e, 0x5e, 0x4a, 0x4b, 0x53, 0x61,
  0x64, 0x8b, 0x65, 0x21, 0x2d, 0x18, 0x02, 0xd5, 0xb6, 0x96, 0x96, 0xa9,
  0x5b, 0x51, 0x25, 0x1e, 0x69, 0x86, 0xcb, 0xb6, 0xa2, 0x90, 0x8f, 0xa3,
  0xae, 0x98, 0xfe, 0x06, 0xaa, 0x46, 0x32, 0x2a, 0x46, 0x45, 0xe9, 0x8c,
  0xb0, 0x86, 0x86, 0x92, 0x69, 0x69, 0xfe, 0x74, 0xf6, 0xc2, 0x94, 0x94,
  0x97, 0x9b, 0x7a, 0x5f, 0x52, 0x60, 0x5f, 0x01, 0x69, 0xe9, 0x01, 0x1b,
  0xe5, 0xe5, 0xfc, 0x5a, 0x5b, 0xfe, 0xb6, 0xde, 0x5f, 0x78, 0x3e, 0x3f,
  0xe5, 0x79, 0x72, 0x84, 0xa4, 0x35, 0x81, 0x78, 0x00, 0x02, 0x00, 0x33,
  0x00, 0x00, 0x05, 0x91, 0x05, 0x81, 0x00, 0x07, 0x00, 0x10, 0x00, 0x26,
  0x40, 0x23, 0x00, 0x04, 0x05, 0x01, 0x03, 0x00, 0x04, 0x03, 0x68, 0x00,
  0x01, 0x01, 0x45, 0x4d, 0x02, 0x01, 0x00, 0x00, 0x46, 0x00, 0x4e, 0x00,
  0x00, 0x0d, 0x0c, 0x00, 0x07, 0x00, 0x07, 0x11, 0x11, 0x11, 0x06, 0x0a,
  0x19, 0x2b, 0x01, 0x03, 0x21, 0x01, 0x21, 0x01, 0x21, 0x03, 0x01, 0x06,
  0x06, 0x07, 0x03, 0x21, 0x03, 0x26, 0x26, 0x01, 0xd7, 0x7d, 0xfe, 0xd9,
  0x02, 0x02, 0x01, 0x5c, 0x02, 0x00, 0xfe, 0xdc, 0x7d, 0xfe, 0xf3, 0x0a,
  0x24, 0x08, 0x94, 0x01, 0x95, 0x98, 0x0e, 0x18, 0x01, 0x68, 0xfe, 0x98,
  0x05, 0x81, 0xfa, 0x7f, 0x01, 0x68, 0x03, 0x40, 0x28, 0x70, 0x17, 0xfe,
  0x4d, 0x01, 0xbc, 0x29, 0x54, 0x00, 0x00, 0x03, 0x00, 0x89, 0x00, 0x00,
  0x05, 0x6a, 0x05, 0x81, 0x00, 0x0e, 0x00, 0x17, 0x00, 0x1f, 0x00, 0x2f,
  0x40, 0x2c, 0x0c, 0x01, 0x04, 0x03, 0x01, 0x4c, 0x00, 0x03, 0x00, 0x04,
  0x05, 0x03, 0x04, 0x67, 0x00, 0x02, 0x02, 0x01, 0x5f, 0x00, 0x01, 0x01,
  0x45, 0x4d, 0x00, 0x05, 0x05, 0x00, 0x5f, 0x00, 0x00, 0x00, 0x46, 0x00,
  0x4e, 0x21, 0x23, 0x21, 0x2a, 0x21, 0x22, 0x06, 0x0a, 0x1c, 0x2b, 0x01,
  0x14, 0x04, 0x21, 0x21, 0x11, 0x21, 0x20, 0x04, 0x15, 0x14, 0x06, 0x07,
  0x16, 0x16, 0x01, 0x34, 0x26, 0x23, 0x21, 0x11, 0x21, 0x32, 0x36, 0x13,
  0x34, 0x21, 0x21, 0x11, 0x21, 0x32, 0x36, 0x05, 0x6a, 0xfe, 0xe0, 0xff,
  0x00, 0xfd, 0x3f, 0x02, 0x85, 0x01, 0x02, 0x01, 0x09, 0x85, 0x88, 0xab,
  0xb3, 0xfe, 0x86, 0x79, 0x77, 0xfe, 0xb0, 0x01, 0x52, 0x7d, 0x71, 0x52,
  0xfe, 0xe4, 0xfe, 0x8a, 0x01, 0x81, 0x8e, 0x83, 0x01, 0x92, 0xc0, 0xd2,
  0x05, 0x81, 0xb3, 0xaf, 0x78, 0xa5, 0x1d, 0x14, 0xaf, 0x01, 0xd5, 0x5f,
  0x50, 0xfe, 0xa3, 0x57, 0xfe, 0x09, 0xc6, 0xfe, 0x6c, 0x67, 0x00, 0x01,
  0x00, 0x54, 0xff, 0xec, 0x05, 0x8f, 0x05, 0x96, 0x00, 0x18, 0x00, 0x31,
  0x40, 0x2e, 0x10, 0x0f, 0x03, 0x02, 0x04, 0x00, 0x03, 0x01, 0x4c, 0x00,
  0x03, 0x03, 0x02, 0x61, 0x00, 0x02, 0x02, 0x4b, 0x4d, 0x04, 0x01, 0x00,
  0x00, 0x01, 0x61, 0x00, 0x01, 0x01, 0x4c, 0x01, 0x4e, 0x01, 0x00, 0x14,
  0x12, 0x0d, 0x0b, 0x07, 0x05, 0x00, 0x18, 0x01, 0x18, 0x05, 0x0a, 0x16,
  0x2b, 0x25, 0x20, 0x13, 0x05, 0x06, 0x04, 0x23, 0x20, 0x00, 0x11, 0x10,
  0x00, 0x21, 0x32, 0x04, 0x17, 0x05, 0x26, 0x26, 0x23, 0x22, 0x06, 0x15,
  0x14, 0x12, 0x03, 0x1b, 0x01, 0x0c, 0x67, 0x01, 0x01, 0x53, 0xfe, 0xbf,
  0xe0, 0xfe, 0xac, 0xfe, 0x8d, 0x01, 0x66, 0x01, 0x54, 0xf8, 0x01, 0x38,
  0x3f, 0xfe, 0xfc, 0x21, 0xc1, 0x83, 0xc8, 0xcf, 0xd5, 0xd4, 0x01, 0x0c,
  0x61, 0xcc, 0xc7, 0x01, 0x81, 0x01, 0x5a, 0x01, 0x5b, 0x01, 0x74, 0xc7,
  0xc1, 0x47, 0x6a, 0x7d, 0xf8, 0xef, 0xf3, 0xff, 0x00, 0x00, 0x00, 0x02,
  0x00, 0x89, 0x00, 0x00, 0x05, 0x71, 0x05, 0x81, 0x00, 0x09, 0x00, 0x12,
  0x00, 0x1f, 0x40, 0x1c, 0x00, 0x02, 0x02, 0x01, 0x5f, 0x00, 0x01, 0x01,
  0x45, 0x4d, 0x00, 0x03, 0x03, 0x00, 0x5f, 0x00, 0x00, 0x00, 0x46, 0x00,
  0x4e, 0x21, 0x24, 0x21, 0x23, 0x04, 0x0a, 0x1a, 0x2b, 0x01, 0x14, 0x02,
  0x04, 0x23, 0x21, 0x11, 0x21, 0x20, 0x00, 0x01, 0x34, 0x26, 0x23, 0x23,
  0x11, 0x33, 0x32, 0x12, 0x05, 0x71, 0xaf, 0xfe, 0xcb, 0xca, 0xfd, 0xc6,
  0x01, 0xfe, 0x01, 0x64, 0x01, 0x86, 0xfe, 0xd7, 0xec, 0xdb, 0xd1, 0xfa,
  0xbe, 0xe0, 0x02, 0xcb, 0xe2, 0xfe, 0xc0, 0xa9, 0x05, 0x81, 0xfe, 0x99,
  0xfe, 0xb1, 0xe3, 0xef, 0xfc, 0x47, 0x01, 0x06, 0x00, 0x01, 0x00, 0x89,
  0x00, 0x00, 0x05, 0x06, 0x05, 0x81, 0x00, 0x0b, 0x00, 0x2f, 0x40, 0x2c,
  0x00, 0x03, 0x00, 0x04, 0x05, 0x03, 0x04, 0x67, 0x00, 0x02, 0x02, 0x01,
  0x5f, 0x00, 0x01, 0x01, 0x45, 0x4d, 0x06, 0x01, 0x05, 0x05, 0x00, 0x5f,
  0x00, 0x00, 0x00, 0x46, 0x00, 0x4e, 0x00, 0x00, 0x00, 0x0b, 0x00, 0x0b,
  0x11, 0x11, 0x11, 0x11, 0x11, 0x07, 0x0a, 0x1b, 0x2b, 0x25, 0x15, 0x21,
  0x11, 0x21, 0x15, 0x21, 0x11, 0x21, 0x15, 0x21, 0x11, 0x05, 0x06, 0xfb,
  0x83, 0x04, 0x54, 0xfc, 0xd3, 0x02, 0xf0, 0xfd, 0x10, 0xe4, 0xe4, 0x05,
  0x81, 0xe4, 0xfe, 0x9e, 0xe4, 0xfe, 0x8d, 0x00, 0x00, 0x01, 0x00, 0x89,
  0x00, 0x00, 0x04, 0x98, 0x05, 0x81, 0x00, 0x09, 0x00, 0x29, 0x40, 0x26,
  0x00, 0x03, 0x05, 0x01, 0x04, 0x00, 0x03, 0x04, 0x67, 0x00, 0x02, 0x02,
  0x01, 0x5f, 0x00, 0x01, 0x01, 0x45, 0x4d, 0x00, 0x00, 0x00, 0x46, 0x00,
  0x4e, 0x00, 0x00, 0x00, 0x09, 0x00, 0x09, 0x11, 0x11, 0x11, 0x11, 0x06,
  0x0a, 0x1a, 0x2b, 0x01, 0x11, 0x21, 0x11, 0x21, 0x15, 0x21, 0x11, 0x21,
  0x15, 0x01, 0xb0, 0xfe, 0xd9, 0x04, 0x0f, 0xfd, 0x18, 0x02, 0xd1, 0x02,
  0x05, 0xfd, 0xfb, 0x05, 0x81, 0xe4, 0xfe, 0x4c, 0xe4, 0x00, 0x00, 0x01,
  0x00, 0x54, 0xff, 0xec, 0x05, 0xba, 0x05, 0x96, 0x00, 0x1c, 0x00, 0x40,
  0x40, 0x3d, 0x14, 0x13, 0x02, 0x02, 0x05, 0x08, 0x03, 0x02, 0x00, 0x01,
  0x02, 0x4c, 0x00, 0x02, 0x00, 0x01, 0x00, 0x02, 0x01, 0x67, 0x00, 0x05,
  0x05, 0x04, 0x61, 0x00, 0x04, 0x04, 0x4b, 0x4d, 0x06, 0x01, 0x00, 0x00,
  0x03, 0x61, 0x00, 0x03, 0x03, 0x4c, 0x03, 0x4e, 0x01, 0x00, 0x18, 0x16,
  0x12, 0x10, 0x0c, 0x0a, 0x07, 0x06, 0x05, 0x04, 0x00, 0x1c, 0x01, 0x1c,
  0x07, 0x0a, 0x16, 0x2b, 0x25, 0x32, 0x36, 0x37, 0x35, 0x21, 0x35, 0x21,
  0x11, 0x06, 0x04, 0x23, 0x20, 0x00, 0x11, 0x10, 0x00, 0x21, 0x20, 0x13,
  0x05, 0x26, 0x26, 0x23, 0x22, 0x06, 0x15, 0x14, 0x12, 0x03, 0x26, 0x73,
  0xd8, 0x3b, 0xfe, 0xa8, 0x02, 0x66, 0x70, 0xfe, 0x99, 0xc5, 0xfe, 0xa8,
  0xfe, 0x8e, 0x01, 0x74, 0x01, 0x5d, 0x01, 0xf0, 0x87, 0xfe, 0xf0, 0x2c,
  0xbc, 0x7f, 0xd0, 0xd8, 0xdf, 0xd3, 0x43, 0x34, 0xc3, 0xda, 0xfd, 0xfa,
  0x73, 0x82, 0x01, 0x7d, 0x01, 0x5e, 0x01, 0x5c, 0x01, 0x73, 0xfe, 0x91,
  0x52, 0x6b, 0x6e, 0xfc, 0xeb, 0xef, 0xfe, 0xfb, 0x00, 0x01, 0x00, 0x89,
  0x00, 0x00, 0x05, 0x3d, 0x05, 0x81, 0x00, 0x0b, 0x00, 0x27, 0x40, 0x24,
  0x00, 0x02, 0x06, 0x01, 0x05, 0x00, 0x02, 0x05, 0x67, 0x03, 0x01, 0x01,
  0x01, 0x45, 0x4d, 0x04, 0x01, 0x00, 0x00, 0x46, 0x00, 0x4e, 0x00, 0x00,
  0x00, 0x0b, 0x00, 0x0b, 0x11, 0x11, 0x11, 0x11, 0x11, 0x07, 0x0a, 0x1b,
  0x2b, 0x01, 0x11, 0x21, 0x11, 0x21, 0x11, 0x21, 0x11, 0x21, 0x11, 0x21,
  0x11, 0x01, 0xb0, 0xfe, 0xd9, 0x01, 0x27, 0x02, 0x66, 0x01, 0x27, 0xfe,
  0xd9, 0x02, 0x5c, 0xfd, 0xa4, 0x05, 0x81, 0xfd, 0xcf, 0x02, 0x31, 0xfa,
  0x7f, 0x02, 0x5c, 0x00, 0x00, 0x01, 0x00, 0x89, 0x00, 0x00, 0x01, 0xb0,
  0x05, 0x81, 0x00, 0x03, 0x00, 0x19, 0x40, 0x16, 0x02, 0x01, 0x01, 0x01,
  0x45, 0x4d, 0x00, 0x00, 0x00, 0x46, 0x00, 0x4e, 0x00, 0x00, 0x00, 0x03,
  0x00, 0x03, 0x11, 0x03, 0x0a, 0x17, 0x2b, 0x01, 0x11, 0x21, 0x11, 0x01,
  0xb0, 0xfe, 0xd9, 0x05, 0x81, 0xfa, 0x7f, 0x05, 0x81, 0x00, 0x00, 0x01,
  0x00, 0x1f, 0xff, 0xec, 0x03, 0xe7, 0x05, 0x81, 0x00, 0x10, 0x00, 0x2f,
  0x40, 0x2c, 0x04, 0x03, 0x02, 0x01, 0x02, 0x01, 0x4c, 0x00, 0x02, 0x02,
  0x03, 0x5f, 0x00, 0x03, 0x03, 0x45, 0x4d, 0x00, 0x01, 0x01, 0x00, 0x61,
  0x04, 0x01, 0x00, 0x00, 0x4c, 0x00, 0x4e, 0x01, 0x00, 0x0d, 0x0c, 0x0b,
  0x0a, 0x07, 0x05, 0x00, 0x10, 0x01, 0x10, 0x05, 0x0a, 0x16, 0x2b, 0x05,
  0x22, 0x26, 0x27, 0x25, 0x16, 0x33, 0x32, 0x36, 0x35, 0x11, 0x21, 0x35,
  0x21, 0x11, 0x14, 0x06, 0x02, 0x0c, 0xdb, 0xeb, 0x27, 0x01, 0x25, 0x23,
  0xa7, 0x58, 0x5b, 0xfe, 0xe7, 0x02, 0x3f, 0xfa, 0x14, 0xbe, 0xd4, 0x2b,
  0xd6, 0x76, 0x6e, 0x02, 0xe3, 0xe7, 0xfc, 0x3d, 0xdc, 0xf6, 0x00, 0x01,
  0x00, 0x89, 0x00, 0x00, 0x05, 0xb4, 0x05, 0x81, 0x00, 0x0b, 0x00, 0x20,
  0x40, 0x1d, 0x0b, 0x08, 0x05, 0x00, 0x04, 0x00, 0x01, 0x01, 0x4c, 0x02,
  0x01, 0x01, 0x01, 0x45, 0x4d, 0x03, 0x01, 0x00, 0x00, 0x46, 0x00, 0x4e,
  0x12, 0x12, 0x11, 0x11, 0x04, 0x0a, 0x1a, 0x2b, 0x01, 0x11, 0x21, 0x11,
  0x21, 0x11, 0x01, 0x21, 0x01, 0x01, 0x21, 0x01, 0x01, 0xb0, 0xfe, 0xd9,
  0x01, 0x27, 0x02, 0x7b, 0x01, 0x58, 0xfd, 0xa6, 0x02, 0x8b, 0xfe, 0xa4,
  0xfe, 0x06, 0x02, 0x02, 0xfd, 0xfe, 0x05, 0x81, 0xfd, 0x81, 0x02, 0x7f,
  0xfd, 0xac, 0xfc, 0xd3, 0x02, 0x87, 0x00, 0x01, 0x00, 0x89, 0x00, 0x00,
  0x04, 0xa4, 0x05, 0x81, 0x00, 0x05, 0x00, 0x1f, 0x40, 0x1c, 0x00, 0x01,
  0x01, 0x45, 0x4d, 0x03, 0x01, 0x02, 0x02, 0x00, 0x60, 0x00, 0x00, 0x00,
  0x46, 0x00, 0x4e, 0x00, 0x00, 0x00, 0x05, 0x00, 0x05, 0x11, 0x11, 0x04,
  0x0a, 0x18, 0x2b, 0x25, 0x15, 0x21, 0x11, 0x21, 0x11, 0x04, 0xa4, 0xfb,
  0xe5, 0x01, 0x27, 0xe4, 0xe4, 0x05, 0x81, 0xfb, 0x63, 0x00, 0x00, 0x01,
  0x00, 0x89, 0x00, 0x00, 0x06, 0x21, 0x05, 0x81, 0x00, 0x1a, 0x00, 0x21,
  0x40, 0x1e, 0x19, 0x13, 0x08, 0x03, 0x00, 0x01, 0x01, 0x4c, 0x02, 0x01,
  0x01, 0x01, 0x45, 0x4d, 0x04, 0x03, 0x02, 0x00, 0x00, 0x46, 0x00, 0x4e,
  0x17, 0x11, 0x18, 0x11, 0x11, 0x05, 0x0a, 0x1b, 0x2b, 0x01, 0x11, 0x21,
  0x11, 0x21, 0x13, 0x16, 0x16, 0x17, 0x36, 0x36, 0x37, 0x01, 0x21, 0x11,
  0x21, 0x11, 0x34, 0x36, 0x37, 0x02, 0x07, 0x03, 0x23, 0x03, 0x03, 0x16,
  0x01, 0x8f, 0xfe, 0xfa, 0x01, 0x8b, 0xfc, 0x11, 0x24, 0x11, 0x10, 0x1e,
  0x11, 0x01, 0x03, 0x01, 0x89, 0xfe, 0xfa, 0x05, 0x05, 0x46, 0x23, 0xfe,
  0xd2, 0xfe, 0x6b, 0x0c, 0x03, 0x56, 0xfc, 0xaa, 0x05, 0x81, 0xfc, 0xec,
  0x42, 0x85, 0x42, 0x38, 0x73, 0x37, 0x03, 0x3b, 0xfa, 0x7f, 0x03, 0x56,
  0x1d, 0xaf, 0x67, 0xfe, 0xf4, 0x6b, 0xfc, 0xee, 0x03, 0x12, 0x01, 0x77,
  0xe8, 0x00, 0x00, 0x01, 0x00, 0x89, 0x00, 0x00, 0x05, 0x3d, 0x05, 0x81,
  0x00, 0x0d, 0x00, 0x1e, 0x40, 0x1b, 0x0c, 0x05, 0x02, 0x00, 0x01, 0x01,
  0x4c, 0x02, 0x01, 0x01, 0x01, 0x45, 0x4d, 0x03, 0x01, 0x00, 0x00, 0x46,
  0x00, 0x4e, 0x11, 0x14, 0x11, 0x11, 0x04, 0x0a, 0x1a, 0x2b, 0x01, 0x11,
  0x21, 0x11, 0x21, 0x01, 0x26, 0x35, 0x11, 0x21, 0x11, 0x21, 0x01, 0x16,
  0x01, 0x8f, 0xfe, 0xfa, 0x01, 0x51, 0x02, 0x6f, 0x12, 0x01, 0x06, 0xfe,
  0xa6, 0xfd, 0x9a, 0x12, 0x03, 0x3f, 0xfc, 0xc1, 0x05, 0x81, 0xfb, 0xba,
  0x98, 0x7b, 0x03, 0x33, 0xfa, 0x7f, 0x04, 0x3d, 0x9d, 0x00, 0x00, 0x02,
  0x00, 0x54, 0xff, 0xec, 0x05, 0xe3, 0x05, 0x96, 0x00, 0x0f, 0x00, 0x1b,
  0x00, 0x1f, 0x40, 0x1c, 0x00, 0x02, 0x02, 0x01, 0x61, 0x00, 0x01, 0x01,
  0x4b, 0x4d, 0x00, 0x03, 0x03, 0x00, 0x61, 0x00, 0x00, 0x00, 0x4c, 0x00,
  0x4e, 0x24, 0x25, 0x26, 0x23, 0x04, 0x0a, 0x1a, 0x2b, 0x01, 0x14, 0x02,
  0x04, 0x23, 0x22, 0x24, 0x02, 0x35, 0x34, 0x12, 0x24, 0x33, 0x32, 0x04,
  0x12, 0x05, 0x34, 0x02, 0x23, 0x22, 0x02, 0x15, 0x14, 0x12, 0x33, 0x32,
  0x12, 0x05, 0xe3, 0xb1, 0xfe, 0xbf, 0xd8, 0xdd, 0xfe, 0xc2, 0xaa, 0xa9,
  0x01, 0x3f, 0xdf, 0xe0, 0x01, 0x3e, 0xaa, 0xfe, 0xd3, 0xd8, 0xc3, 0xc6,
  0xd8, 0xdd, 0xbf, 0xc6, 0xd7, 0x02, 0xc7, 0xdc, 0xfe, 0xb7, 0xb6, 0xb1,
  0x01, 0x48, 0xe2, 0xe2, 0x01, 0x42, 0xab, 0xad, 0xfe, 0xbe, 0xe0, 0xe4,
  0x01, 0x03, 0xfe, 0xff, 0xe6, 0xe8, 0xfe, 0xf5, 0x01, 0x04, 0x00, 0x02,
  0x00, 0x89, 0x00, 0x00, 0x05, 0x10, 0x05, 0x81, 0x00, 0x0b, 0x00, 0x13,
  0x00, 0x23, 0x40, 0x20, 0x00, 0x04, 0x00, 0x00, 0x01, 0x04, 0x00, 0x67,
  0x00, 0x03, 0x03, 0x02, 0x5f, 0x00, 0x02, 0x02, 0x45, 0x4d, 0x00, 0x01,
  0x01, 0x46, 0x01, 0x4e, 0x21, 0x23, 0x21, 0x11, 0x23, 0x05, 0x0a, 0x1b,
  0x2b, 0x01, 0x14, 0x06, 0x06, 0x23, 0x21, 0x11, 0x21, 0x11, 0x21, 0x32,
  0x04, 0x05, 0x34, 0x21, 0x21, 0x11, 0x21, 0x32, 0x36, 0x05, 0x10, 0x7d,
  0xe6, 0x9f, 0xfe, 0xa2, 0xfe, 0xd9, 0x02, 0x79, 0xfd, 0x01, 0x11, 0xfe,
  0xd7, 0xfe, 0xfa, 0xfe, 0xcf, 0x01, 0x39, 0x7a, 0x84, 0x03, 0xc3, 0x89,
  0xd3, 0x77, 0xfe, 0x10, 0x05, 0x81, 0xe9, 0xda, 0xde, 0xfe, 0x37, 0x79,
  0x00, 0x02, 0x00, 0x54, 0xfe, 0x6d, 0x05, 0xe3, 0x05, 0x96, 0x00, 0x18,
  0x00, 0x24, 0x00, 0x59, 0x40, 0x0b, 0x08, 0x03, 0x02, 0x00, 0x04, 0x09,
  0x01, 0x01, 0x00, 0x02, 0x4c, 0x4b, 0xb0, 0x2e, 0x50, 0x58, 0x40, 0x1d,
  0x00, 0x04, 0x03, 0x00, 0x03, 0x04, 0x00, 0x80, 0x00, 0x03, 0x03, 0x02,
  0x61, 0x00, 0x02, 0x02, 0x4b, 0x4d, 0x00, 0x00, 0x00, 0x01, 0x62, 0x00,
  0x01, 0x01, 0x4a, 0x01, 0x4e, 0x1b, 0x40, 0x1a, 0x00, 0x04, 0x03, 0x00,
  0x03, 0x04, 0x00, 0x80, 0x00, 0x00, 0x00, 0x01, 0x00, 0x01, 0x66, 0x00,
  0x03, 0x03, 0x02, 0x61, 0x00, 0x02, 0x02, 0x4b, 0x03, 0x4e, 0x59, 0xb7,
  0x24, 0x25, 0x28, 0x23, 0x25, 0x05, 0x0a, 0x1b, 0x2b, 0x01, 0x10, 0x00,
  0x07, 0x16, 0x16, 0x33, 0x32, 0x37, 0x07, 0x06, 0x23, 0x22, 0x26, 0x27,
  0x24, 0x00, 0x11, 0x34, 0x12, 0x24, 0x33, 0x32, 0x04, 0x12, 0x05, 0x34,
  0x02, 0x23, 0x22, 0x02, 0x15, 0x14, 0x12, 0x33, 0x32, 0x12, 0x05, 0xe3,
  0xfe, 0xeb, 0xf7, 0x22, 0x7b, 0x6f, 0x3e, 0x39, 0x02, 0x7c, 0x76, 0xa3,
  0xd6, 0x41, 0xfe, 0xe3, 0xfe, 0xc5, 0xa9, 0x01, 0x3f, 0xdf, 0xe0, 0x01,
  0x3e, 0xaa, 0xfe, 0xd3, 0xd8, 0xc3, 0xc6, 0xd8, 0xdc, 0xc0, 0xc6, 0xd7,
  0x02, 0xc7, 0xfe, 0xe6, 0xfe, 0x89, 0x32, 0x63, 0x58, 0x0a, 0xca, 0x1c,
  0xb6, 0xd3, 0x1b, 0x01, 0x7d, 0x01, 0x39, 0xe2, 0x01, 0x42, 0xab, 0xad,
  0xfe, 0xbe, 0xe0, 0xe4, 0x01, 0x03, 0xfe, 0xff, 0xe6, 0xe8, 0xfe, 0xf4,
  0x01, 0x04, 0x00, 0x02, 0x00, 0x89, 0x00, 0x00, 0x05, 0x9d, 0x05, 0x81,
  0x00, 0x0d, 0x00, 0x15, 0x00, 0x33, 0x40, 0x30, 0x0a, 0x01, 0x03, 0x05,
  0x01, 0x4c, 0x00, 0x05, 0x06, 0x01, 0x03, 0x00, 0x05, 0x03, 0x67, 0x00,
  0x04, 0x04, 0x01, 0x5f, 0x00, 0x01, 0x01, 0x45, 0x4d, 0x02, 0x01, 0x00,
  0x00, 0x46, 0x00, 0x4e, 0x00, 0x00, 0x14, 0x12, 0x11, 0x0f, 0x00, 0x0d,
  0x00, 0x0d, 0x16, 0x21, 0x11, 0x07, 0x0a, 0x19, 0x2b, 0x01, 0x11, 0x21,
  0x11, 0x21, 0x32, 0x04, 0x15, 0x14, 0x06, 0x07, 0x01, 0x21, 0x01, 0x01,
  0x34, 0x21, 0x21, 0x11, 0x21, 0x32, 0x36, 0x01, 0xb0, 0xfe, 0xd9, 0x02,
  0xc0, 0xfc, 0x01, 0x12, 0xa8, 0x8f, 0x01, 0x7d, 0xfe, 0xb4, 0xfe, 0xb9,
  0x01, 0x24, 0xfe, 0xfc, 0xfe, 0x86, 0x01, 0x82, 0x7c, 0x80, 0x02, 0x17,
  0xfd, 0xe9, 0x05, 0x81, 0xd9, 0xcb, 0x94, 0xd7, 0x22, 0xfd, 0xb0, 0x02,
  0x17, 0x01, 0xba, 0xcb, 0xfe, 0x60, 0x70, 0x00, 0x00, 0x01, 0x00, 0x3b,
  0xff, 0xec, 0x05, 0x06, 0x05, 0x96, 0x00, 0x2d, 0x00, 0x28, 0x40, 0x25,
  0x1e, 0x1d, 0x06, 0x05, 0x04, 0x01, 0x03, 0x01, 0x4c, 0x00, 0x03, 0x03,
  0x02, 0x61, 0x00, 0x02, 0x02, 0x4b, 0x4d, 0x00, 0x01, 0x01, 0x00, 0x61,
  0x00, 0x00, 0x00, 0x4c, 0x00, 0x4e, 0x25, 0x2f, 0x24, 0x22, 0x04, 0x0a,
  0x1a, 0x2b, 0x01, 0x14, 0x04, 0x21, 0x20, 0x03, 0x25, 0x16, 0x16, 0x33,
  0x20, 0x35, 0x34, 0x26, 0x27, 0x26, 0x27, 0x2e, 0x02, 0x27, 0x26, 0x26,
  0x35, 0x34, 0x24, 0x21, 0x20, 0x04, 0x17, 0x05, 0x26, 0x26, 0x23, 0x20,
  0x15, 0x14, 0x16, 0x17, 0x16, 0x17, 0x16, 0x17, 0x16, 0x17, 0x16, 0x05,
  0x06, 0xfe, 0xcd, 0xfe, 0xd7, 0xfd, 0xe9, 0x58, 0x01, 0x1d, 0x1d, 0xa8,
  0x95, 0x01, 0x35, 0x46, 0x41, 0x40, 0xb8, 0x6a, 0x78, 0x48, 0x22, 0x4b,
  0x54, 0x01, 0x1f, 0x01, 0x12, 0x01, 0x06, 0x01, 0x07, 0x26, 0xfe, 0xe2,
  0x16, 0x87, 0x7e, 0xfe, 0xf4, 0x39, 0x38, 0x35, 0xae, 0xcd, 0x56, 0x58,
  0x32, 0x69, 0x01, 0x96, 0xcf, 0xdb, 0x01, 0x83, 0x2f, 0x70, 0x65, 0xbc,
  0x3c, 0x4e, 0x1a, 0x19, 0x26, 0x19, 0x23, 0x21, 0x14, 0x2d, 0x96, 0x70,
  0xbf, 0xcb, 0xa4, 0xbd, 0x27, 0x5b, 0x5c, 0xa8, 0x37, 0x46, 0x19, 0x18,
  0x25, 0x2c, 0x23, 0x26, 0x2f, 0x64, 0x00, 0x01, 0x00, 0x17, 0x00, 0x00,
  0x04, 0xcd, 0x05, 0x81, 0x00, 0x07, 0x00, 0x21, 0x40, 0x1e, 0x04, 0x03,
  0x02, 0x01, 0x01, 0x02, 0x5f, 0x00, 0x02, 0x02, 0x45, 0x4d, 0x00, 0x00,
  0x00, 0x46, 0x00, 0x4e, 0x00, 0x00, 0x00, 0x07, 0x00, 0x07, 0x11, 0x11,
  0x11, 0x05, 0x0a, 0x19, 0x2b, 0x01, 0x11, 0x21, 0x11, 0x21, 0x35, 0x21,
  0x15, 0x03, 0x05, 0xfe, 0xd9, 0xfe, 0x39, 0x04, 0xb6, 0x04, 0x9d, 0xfb,
  0x63, 0x04, 0x9d, 0xe4, 0xe4, 0x00, 0x00, 0x01, 0x00, 0x7b, 0xff, 0xec,
  0x05, 0x4a, 0x05, 0x81, 0x00, 0x10, 0x00, 0x24, 0x40, 0x21, 0x03, 0x01,
  0x01, 0x01, 0x45, 0x4d, 0x00, 0x02, 0x02, 0x00, 0x61, 0x04, 0x01, 0x00,
  0x00, 0x4c, 0x00, 0x4e, 0x01, 0x00, 0x0d, 0x0c, 0x09, 0x07, 0x05, 0x04,
  0x00, 0x10, 0x01, 0x10, 0x05, 0x0a, 0x16, 0x2b, 0x05, 0x20, 0x00, 0x11,
  0x11, 0x21, 0x11, 0x10, 0x21, 0x32, 0x36, 0x35, 0x11, 0x21, 0x11, 0x10,
  0x00, 0x02, 0xd3, 0xfe, 0xdd, 0xfe, 0xcb, 0x01, 0x27, 0x01, 0x39, 0x9e,
  0xaa, 0x01, 0x27, 0xfe, 0xb5, 0x14, 0x01, 0x1c, 0x01, 0x08, 0x03, 0x71,
  0xfc, 0xa6, 0xfe, 0xac, 0xb5, 0xa9, 0x03, 0x50, 0xfc, 0x9e, 0xfe, 0xf4,
  0xfe, 0xd9, 0x00, 0x01, 0x00, 0x0e, 0x00, 0x00, 0x05, 0x48, 0x05, 0x81,
  0x00, 0x0c, 0x00, 0x21, 0x40, 0x1e, 0x08, 0x01, 0x00, 0x01, 0x01, 0x4c,
  0x03, 0x02, 0x02, 0x01, 0x01, 0x45, 0x4d, 0x00, 0x00, 0x00, 0x46, 0x00,
  0x4e, 0x00, 0x00, 0x00, 0x0c, 0x00, 0x0c, 0x11, 0x11, 0x04, 0x0a, 0x18,
  0x2b, 0x01, 0x01, 0x21, 0x01, 0x21, 0x01, 0x16, 0x16, 0x17, 0x36, 0x36,
  0x37, 0x01, 0x05, 0x48, 0xfd, 0xfa, 0xfe, 0xd5, 0xfd, 0xf7, 0x01, 0x34,
  0x01, 0x22, 0x0e, 0x25, 0x17, 0x21, 0x1d, 0x0a, 0x01, 0x21, 0x05, 0x81,
  0xfa, 0x7f, 0x05, 0x81, 0xfc, 0x77, 0x2c, 0x85, 0x59, 0x7d, 0x70, 0x1d,
  0x03, 0x89, 0x00, 0x01, 0x00, 0x02, 0x00, 0x00, 0x07, 0x8b, 0x05, 0x81,
  0x00, 0x1f, 0x00, 0x21, 0x40, 0x1e, 0x1c, 0x11, 0x08, 0x03, 0x00, 0x01,
  0x01, 0x4c, 0x03, 0x02, 0x02, 0x01, 0x01, 0x45, 0x4d, 0x04, 0x01, 0x00,
  0x00, 0x46, 0x00, 0x4e, 0x11, 0x18, 0x18, 0x11, 0x11, 0x05, 0x0a, 0x1b,
  0x2b, 0x01, 0x03, 0x21, 0x01, 0x21, 0x13, 0x16, 0x16, 0x17, 0x36, 0x36,
  0x37, 0x13, 0x21, 0x13, 0x16, 0x16, 0x17, 0x36, 0x36, 0x37, 0x13, 0x21,
  0x01, 0x21, 0x03, 0x26, 0x26, 0x27, 0x0e, 0x02, 0x03, 0x8d, 0xc2, 0xfe,
  0xa2, 0xfe, 0x95, 0x01, 0x2b, 0xc4, 0x0d, 0x1f, 0x0a, 0x0e, 0x1a, 0x0f,
  0xc7, 0x01, 0x4a, 0xc5, 0x0a, 0x1d, 0x0d, 0x14, 0x1c, 0x13, 0xb5, 0x01,
  0x2b, 0xfe, 0x94, 0xfe, 0xa2, 0xbf, 0x11, 0x1e, 0x0c, 0x08, 0x18, 0x15,
  0x03, 0x42, 0xfc, 0xbe, 0x05, 0x81, 0xfc, 0xa1, 0x37, 0x90, 0x44, 0x46,
  0x84, 0x40, 0x03, 0x60, 0xfc, 0xbf, 0x2a, 0xa0, 0x5f, 0x56, 0x79, 0x56,
  0x03, 0x45, 0xfa, 0x7f, 0x03, 0x2f, 0x48, 0x96, 0x4f, 0x2b, 0x74, 0x64,
  0x00, 0x01, 0x00, 0x12, 0x00, 0x00, 0x05, 0x44, 0x05, 0x81, 0x00, 0x0b,
  0x00, 0x1f, 0x40, 0x1c, 0x09, 0x06, 0x03, 0x03, 0x00, 0x01, 0x01, 0x4c,
  0x02, 0x01, 0x01, 0x01, 0x45, 0x4d, 0x03, 0x01, 0x00, 0x00, 0x46, 0x00,
  0x4e, 0x12, 0x12, 0x12, 0x11, 0x04, 0x0a, 0x1a, 0x2b, 0x01, 0x01, 0x21,
  0x01, 0x01, 0x21, 0x01, 0x01, 0x21, 0x01, 0x01, 0x21, 0x02, 0xac, 0xfe,
  0x9e, 0xfe, 0xc8, 0x01, 0xe8, 0xfe, 0x41, 0x01, 0x38, 0x01, 0x39, 0x01,
  0x39, 0x01, 0x36, 0xfe, 0x54, 0x01, 0xd5, 0xfe, 0xca, 0x02, 0x31, 0xfd,
  0xcf, 0x02, 0xe5, 0x02, 0x9c, 0xfe, 0x0e, 0x01, 0xf2, 0xfd, 0x64, 0xfd,
  0x1b, 0x00, 0x00, 0x01, 0x00, 0x23, 0x00, 0x00, 0x05, 0x35, 0x05, 0x81,
  0x00, 0x08, 0x00, 0x1d, 0x40, 0x1a, 0x06, 0x03, 0x00, 0x03, 0x00, 0x01,
  0x01, 0x4c, 0x02, 0x01, 0x01, 0x01, 0x45, 0x4d, 0x00, 0x00, 0x00, 0x46,
  0x00, 0x4e, 0x12, 0x12, 0x11, 0x03, 0x0a, 0x19, 0x2b, 0x01, 0x11, 0x21,
  0x11, 0x01, 0x21, 0x01, 0x01, 0x21, 0x03, 0x3f, 0xfe, 0xda, 0xfe, 0x0a,
  0x01, 0x35, 0x01, 0x52, 0x01, 0x56, 0x01, 0x35, 0x02, 0x42, 0xfd, 0xbe,
  0x02, 0x42, 0x03, 0x3f, 0xfd, 0xac, 0x02, 0x54, 0x00, 0x01, 0x00, 0x3d,
  0x00, 0x00, 0x04, 0xa8, 0x05, 0x81, 0x00, 0x09, 0x00, 0x2f, 0x40, 0x2c,
  0x08, 0x01, 0x01, 0x02, 0x03, 0x01, 0x00, 0x03, 0x02, 0x4c, 0x00, 0x01,
  0x01, 0x02, 0x5f, 0x00, 0x02, 0x02, 0x45, 0x4d, 0x04, 0x01, 0x03, 0x03,
  0x00, 0x5f, 0x00, 0x00, 0x00, 0x46, 0x00, 0x4e, 0x00, 0x00, 0x00, 0x09,
  0x00, 0x09, 0x11, 0x12, 0x11, 0x05, 0x0a, 0x19, 0x2b, 0x25, 0x15, 0x21,
  0x35, 0x01, 0x21, 0x35, 0x21, 0x15, 0x01, 0x04, 0xa8, 0xfb, 0x95, 0x02,
  0xfa, 0xfd, 0x52, 0x03, 0xf6, 0xfd, 0x06, 0xe7, 0xe7, 0xd1, 0x03, 0xc9,
  0xe7, 0xcd, 0xfc, 0x33, 0x00, 0x01, 0x00, 0x73, 0xfe, 0x57, 0x02, 0x91,
  0x05, 0xcc, 0x00, 0x07, 0x00, 0x25, 0x40, 0x22, 0x00, 0x02, 0x02, 0x01,
  0x5f, 0x00, 0x01, 0x01, 0x47, 0x4d, 0x04, 0x01, 0x03, 0x03, 0x00, 0x5f,
  0x00, 0x00, 0x00, 0x4a, 0x00, 0x4e, 0x00, 0x00, 0x00, 0x07, 0x00, 0x07,
  0x11, 0x11, 0x11, 0x05, 0x0a, 0x19, 0x2b, 0x05, 0x15, 0x21, 0x11, 0x21,
  0x15, 0x21, 0x11, 0x02, 0x91, 0xfd, 0xe2, 0x02, 0x1e, 0xfe, 0xec, 0xea,
  0xbf, 0x07, 0x75, 0xbe, 0xfa, 0x08, 0x00, 0x01, 0x00, 0x15, 0xff, 0xd7,
  0x02, 0x26, 0x05, 0xcd, 0x00, 0x03, 0x00, 0x30, 0x4b, 0xb0, 0x19, 0x50,
  0x58, 0x40, 0x0c, 0x02, 0x01, 0x01, 0x01, 0x47, 0x4d, 0x00, 0x00, 0x00,
  0x46, 0x00, 0x4e, 0x1b, 0x40, 0x0c, 0x00, 0x00, 0x01, 0x00, 0x86, 0x02,
  0x01, 0x01, 0x01, 0x47, 0x01, 0x4e, 0x59, 0x40, 0x0a, 0x00, 0x00, 0x00,
  0x03, 0x00, 0x03, 0x11, 0x03, 0x0a, 0x17, 0x2b, 0x01, 0x01, 0x23, 0x01,
  0x01, 0x03, 0x01, 0x23, 0xf3, 0xfe, 0xe2, 0x05, 0xcd, 0xfa, 0x0a, 0x05,
  0xf6, 0x00, 0x00, 0x01, 0x00, 0x19, 0xfe, 0x57, 0x02, 0x37, 0x05, 0xcc,
  0x00, 0x07, 0x00, 0x25, 0x40, 0x22, 0x00, 0x02, 0x02, 0x03, 0x5f, 0x04,
  0x01, 0x03, 0x03, 0x47, 0x4d, 0x00, 0x01, 0x01, 0x00, 0x5f, 0x00, 0x00,
  0x00, 0x4a, 0x00, 0x4e, 0x00, 0x00, 0x00, 0x07, 0x00, 0x07, 0x11, 0x11,
  0x11, 0x05, 0x0a, 0x19, 0x2b, 0x01, 0x11, 0x21, 0x35, 0x21, 0x11, 0x21,
  0x35, 0x02, 0x37, 0xfd, 0xe2, 0x01, 0x16, 0xfe, 0xea, 0x05, 0xcc, 0xf8,
  0x8b, 0xbf, 0x05, 0xf8, 0xbe, 0x00, 0x00, 0x01, 0x00, 0x2d, 0x02, 0x02,
  0x04, 0x7f, 0x05, 0x81, 0x00, 0x06, 0x00, 0x27, 0xb1, 0x06, 0x64, 0x44,
  0x40, 0x1c, 0x05, 0x01, 0x01, 0x00, 0x01, 0x4c, 0x00, 0x00, 0x01, 0x00,
  0x85, 0x03, 0x02, 0x02, 0x01, 0x01, 0x76, 0x00, 0x00, 0x00, 0x06, 0x00,
  0x06, 0x11, 0x11, 0x04, 0x0a, 0x18, 0x2b, 0xb1, 0x06, 0x00, 0x44, 0x13,
  0x01, 0x21, 0x01, 0x23, 0x01, 0x01, 0x2d, 0x01, 0x87, 0x01, 0x42, 0x01,
  0x89, 0xe5, 0xfe, 0xba, 0xfe, 0xbc, 0x02, 0x02, 0x03, 0x7f, 0xfc, 0x81,
  0x02, 0xf0, 0xfd, 0x10, 0x00, 0x01, 0xff, 0xec, 0xff, 0x06, 0x04, 0x85,
  0xff, 0x54, 0x00, 0x03, 0x00, 0x27, 0xb1, 0x06, 0x64, 0x44, 0x40, 0x1c,
  0x02, 0x01, 0x01, 0x00, 0x00, 0x01, 0x57, 0x02, 0x01, 0x01, 0x01, 0x00,
  0x5f, 0x00, 0x00, 0x01, 0x00, 0x4f, 0x00, 0x00, 0x00, 0x03, 0x00, 0x03,
  0x11, 0x03, 0x0a, 0x17, 0x2b, 0xb1, 0x06, 0x00, 0x44, 0x05, 0x15, 0x21,
  0x35, 0x04, 0x85, 0xfb, 0x67, 0xac, 0x4e, 0x4e, 0x00, 0x01, 0x00, 0x42,
  0x04, 0x9f, 0x02, 0x3f, 0x05, 0xde, 0x00, 0x05, 0x00, 0x20, 0xb1, 0x06,
  0x64, 0x44, 0x40, 0x15, 0x03, 0x00, 0x02, 0x00, 0x01, 0x01, 0x4c, 0x00,
  0x01, 0x00, 0x01, 0x85, 0x00, 0x00, 0x00, 0x76, 0x12, 0x11, 0x02, 0x0a,
  0x18, 0x2b, 0xb1, 0x06, 0x00, 0x44, 0x01, 0x15, 0x23, 0x01, 0x35, 0x21,
  0x02, 0x3f, 0xa9, 0xfe, 0xac, 0x01, 0x02, 0x04, 0xbe, 0x1f, 0x01, 0x14,
  0x2b, 0x00, 0x00, 0x02, 0x00, 0x3c, 0xff, 0xec, 0x04, 0x80, 0x04, 0x4e,
  0x00, 0x23, 0x00, 0x32, 0x00, 0xd2, 0x4b, 0xb0, 0x1f, 0x50, 0x58, 0x40,
  0x0b, 0x21, 0x1a, 0x02, 0x05, 0x07, 0x1b, 0x01, 0x00, 0x05, 0x02, 0x4c,
  0x1b, 0x40, 0x0e, 0x21, 0x01, 0x08, 0x07, 0x1a, 0x01, 0x05, 0x08, 0x1b,
  0x01, 0x00, 0x05, 0x03, 0x4c, 0x59, 0x4b, 0xb0, 0x12, 0x50, 0x58, 0x40,
  0x27, 0x00, 0x03, 0x02, 0x01, 0x02, 0x03, 0x72, 0x00, 0x01, 0x00, 0x07,
  0x05, 0x01, 0x07, 0x69, 0x00, 0x02, 0x02, 0x04, 0x61, 0x00, 0x04, 0x04,
  0x4e, 0x4d, 0x08, 0x01, 0x05, 0x05, 0x00, 0x61, 0x06, 0x09, 0x02, 0x00,
  0x00, 0x4c, 0x00, 0x4e, 0x1b, 0x4b, 0xb0, 0x1f, 0x50, 0x58, 0x40, 0x28,
  0x00, 0x03, 0x02, 0x01, 0x02, 0x03, 0x01, 0x80, 0x00, 0x01, 0x00, 0x07,
  0x05, 0x01, 0x07, 0x69, 0x00, 0x02, 0x02, 0x04, 0x61, 0x00, 0x04, 0x04,
  0x4e, 0x4d, 0x08, 0x01, 0x05, 0x05, 0x00, 0x61, 0x06, 0x09, 0x02, 0x00,
  0x00, 0x4c, 0x00, 0x4e, 0x1b, 0x40, 0x2f, 0x00, 0x03, 0x02, 0x01, 0x02,
  0x03, 0x01, 0x80, 0x00, 0x05, 0x08, 0x00, 0x08, 0x05, 0x00, 0x80, 0x00,
  0x01, 0x00, 0x07, 0x08, 0x01, 0x07, 0x69, 0x00, 0x02, 0x02, 0x04, 0x61,
  0x00, 0x04, 0x04, 0x4e, 0x4d, 0x00, 0x08, 0x08, 0x00, 0x61, 0x06, 0x09,
  0x02, 0x00, 0x00, 0x4c, 0x00, 0x4e, 0x59, 0x59, 0x40, 0x19, 0x01, 0x00,
  0x2e, 0x2c, 0x26, 0x24, 0x1f, 0x1d, 0x19, 0x17, 0x12, 0x10, 0x0f, 0x0e,
  0x0c, 0x0a, 0x07, 0x05, 0x00, 0x23, 0x01, 0x23, 0x0a, 0x0a, 0x16, 0x2b,
  0x05, 0x22, 0x26, 0x35, 0x34, 0x36, 0x37, 0x37, 0x35, 0x34, 0x26, 0x23,
  0x22, 0x06, 0x07, 0x25, 0x12, 0x21, 0x32, 0x16, 0x15, 0x11, 0x14, 0x16,
  0x33, 0x32, 0x37, 0x15, 0x06, 0x06, 0x23, 0x22, 0x26, 0x27, 0x23, 0x06,
  0x13, 0x07, 0x06, 0x07, 0x06, 0x06, 0x15, 0x14, 0x16, 0x33, 0x32, 0x37,
  0x36, 0x36, 0x35, 0x01, 0x89, 0x9d, 0xb0, 0xdb, 0xd0, 0xe9, 0x4a, 0x54,
  0x4e, 0x49, 0x09, 0xfe, 0xdb, 0x37, 0x01, 0x9a, 0xcd, 0xde, 0x29, 0x30,
  0x20, 0x1e, 0x34, 0x4a, 0x36, 0x6a, 0x65, 0x0a, 0x06, 0x76, 0x59, 0x90,
  0x63, 0x28, 0x29, 0x2b, 0x47, 0x3b, 0x42, 0x37, 0x36, 0x3e, 0x14, 0xab,
  0x9b, 0xa8, 0xae, 0x04, 0x04, 0x37, 0x6a, 0x67, 0x47, 0x52, 0x0e, 0x01,
  0x41, 0xca, 0xba, 0xfe, 0x76, 0x5b, 0x45, 0x06, 0x98, 0x0d, 0x0d, 0x68,
  0x65, 0xd5, 0x02, 0x09, 0x02, 0x05, 0x10, 0x12, 0x48, 0x3c, 0x4d, 0x4b,
  0x24, 0x24, 0x7f, 0x47, 0x00, 0x02, 0x00, 0x87, 0xff, 0xec, 0x04, 0x8f,
  0x05, 0xcc, 0x00, 0x19, 0x00, 0x23, 0x00, 0x59, 0xb6, 0x14, 0x05, 0x02,
  0x05, 0x04, 0x01, 0x4c, 0x4b, 0xb0, 0x14, 0x50, 0x58, 0x40, 0x1b, 0x00,
  0x02, 0x02, 0x47, 0x4d, 0x00, 0x04, 0x04, 0x03, 0x61, 0x00, 0x03, 0x03,
  0x4e, 0x4d, 0x00, 0x05, 0x05, 0x00, 0x61, 0x01, 0x01, 0x00, 0x00, 0x4c,
  0x00, 0x4e, 0x1b, 0x40, 0x1f, 0x00, 0x02, 0x02, 0x47, 0x4d, 0x00, 0x04,
  0x04, 0x03, 0x61, 0x00, 0x03, 0x03, 0x4e, 0x4d, 0x00, 0x01, 0x01, 0x46,
  0x4d, 0x00, 0x05, 0x05, 0x00, 0x61, 0x00, 0x00, 0x00, 0x4c, 0x00, 0x4e,
  0x59, 0x40, 0x09, 0x24, 0x23, 0x26, 0x14, 0x25, 0x22, 0x06, 0x0a, 0x1c,
  0x2b, 0x01, 0x10, 0x02, 0x23, 0x22, 0x27, 0x23, 0x14, 0x06, 0x06, 0x07,
  0x21, 0x36, 0x36, 0x35, 0x11, 0x21, 0x11, 0x14, 0x06, 0x07, 0x33, 0x36,
  0x33, 0x32, 0x12, 0x01, 0x10, 0x23, 0x22, 0x06, 0x15, 0x14, 0x16, 0x33,
  0x32, 0x04, 0x8f, 0xd7, 0xc8, 0xeb, 0x5d, 0x02, 0x04, 0x06, 0x04, 0xfe,
  0xef, 0x04, 0x04, 0x01, 0x19, 0x03, 0x01, 0x04, 0x5e, 0xfc, 0xc0, 0xcd,
  0xfe, 0xdb, 0xdd, 0x72, 0x77, 0x75, 0x72, 0xdf, 0x02, 0x21, 0xfe, 0xf4,
  0xfe, 0xd7, 0xc2, 0x17, 0x4a, 0x41, 0x0c, 0x2f, 0x7b, 0x4d, 0x04, 0xd5,
  0xfe, 0x62, 0x2c, 0x58, 0x2c, 0xd0, 0xfe, 0xdd, 0xfe, 0xf6, 0x01, 0x6a,
  0xbf, 0xb4, 0xac, 0xc0, 0x00, 0x01, 0x00, 0x50, 0xff, 0xec, 0x04, 0x37,
  0x04, 0x4e, 0x00, 0x18, 0x00, 0x3b, 0x40, 0x38, 0x00, 0x02, 0x03, 0x05,
  0x03, 0x02, 0x05, 0x80, 0x00, 0x05, 0x04, 0x03, 0x05, 0x04, 0x7e, 0x00,
  0x03, 0x03, 0x01, 0x61, 0x00, 0x01, 0x01, 0x4e, 0x4d, 0x00, 0x04, 0x04,
  0x00, 0x61, 0x06, 0x01, 0x00, 0x00, 0x4c, 0x00, 0x4e, 0x01, 0x00, 0x15,
  0x14, 0x12, 0x10, 0x0e, 0x0c, 0x0a, 0x09, 0x07, 0x05, 0x00, 0x18, 0x01,
  0x18, 0x07, 0x0a, 0x16, 0x2b, 0x05, 0x22, 0x00, 0x11, 0x10, 0x00, 0x33,
  0x32, 0x16, 0x17, 0x05, 0x26, 0x26, 0x23, 0x22, 0x11, 0x10, 0x33, 0x32,
  0x36, 0x37, 0x05, 0x0e, 0x02, 0x02, 0x52, 0xf6, 0xfe, 0xf4, 0x01, 0x0e,
  0xf8, 0xbf, 0xfa, 0x20, 0xfe, 0xe5, 0x0c, 0x60, 0x58, 0xd9, 0xdd, 0x50,
  0x6c, 0x0d, 0x01, 0x1a, 0x0f, 0x83, 0xd0, 0x14, 0x01, 0x25, 0x01, 0x06,
  0x01, 0x0c, 0x01, 0x2b, 0xc0, 0xa9, 0x0e, 0x53, 0x63, 0xfe, 0x95, 0xfe,
  0x8a, 0x65, 0x64, 0x0d, 0x72, 0xab, 0x5f, 0x00, 0x00, 0x02, 0x00, 0x54,
  0xff, 0xec, 0x04, 0x5c, 0x05, 0xcc, 0x00, 0x18, 0x00, 0x22, 0x00, 0x67,
  0x40, 0x0b, 0x04, 0x01, 0x04, 0x05, 0x01, 0x4c, 0x10, 0x01, 0x05, 0x01,
  0x4b, 0x4b, 0xb0, 0x19, 0x50, 0x58, 0x40, 0x1c, 0x00, 0x02, 0x02, 0x47,
  0x4d, 0x00, 0x05, 0x05, 0x01, 0x61, 0x00, 0x01, 0x01, 0x4e, 0x4d, 0x00,
  0x04, 0x04, 0x00, 0x61, 0x06, 0x03, 0x02, 0x00, 0x00, 0x4c, 0x00, 0x4e,
  0x1b, 0x40, 0x20, 0x00, 0x02, 0x02, 0x47, 0x4d, 0x00, 0x05, 0x05, 0x01,
  0x61, 0x00, 0x01, 0x01, 0x4e, 0x4d, 0x06, 0x01, 0x03, 0x03, 0x46, 0x4d,
  0x00, 0x04, 0x04, 0x00, 0x61, 0x00, 0x00, 0x00, 0x4c, 0x00, 0x4e, 0x59,
  0x40, 0x10, 0x00, 0x00, 0x22, 0x20, 0x1c, 0x1a, 0x00, 0x18, 0x00, 0x18,
  0x15, 0x24, 0x26, 0x07, 0x0a, 0x19, 0x2b, 0x21, 0x2e, 0x02, 0x35, 0x23,
  0x06, 0x23, 0x22, 0x02, 0x11, 0x10, 0x12, 0x33, 0x32, 0x16, 0x17, 0x33,
  0x27, 0x11, 0x21, 0x11, 0x14, 0x16, 0x17, 0x01, 0x10, 0x33, 0x32, 0x36,
  0x35, 0x34, 0x26, 0x23, 0x22, 0x03, 0x4c, 0x02, 0x08, 0x05, 0x04, 0x5b,
  0xff, 0xbd, 0xce, 0xd9, 0xc7, 0x73, 0xa7, 0x2d, 0x02, 0x02, 0x01, 0x19,
  0x04, 0x04, 0xfd, 0x1d, 0xdd, 0x6f, 0x7a, 0x75, 0x72, 0xdf, 0x0a, 0x40,
  0x4c, 0x1a, 0xc4, 0x01, 0x27, 0x01, 0x09, 0x01, 0x0d, 0x01, 0x25, 0x60,
  0x5f, 0xb2, 0x01, 0x8b, 0xfb, 0x20, 0x32, 0x76, 0x44, 0x02, 0x1c, 0xfe,
  0x90, 0xc3, 0xb4, 0xaf, 0xbd, 0x00, 0x00, 0x02, 0x00, 0x50, 0xff, 0xec,
  0x04, 0x2d, 0x04, 0x4e, 0x00, 0x12, 0x00, 0x19, 0x00, 0x3d, 0x40, 0x3a,
  0x06, 0x05, 0x02, 0x00, 0x03, 0x01, 0x4c, 0x07, 0x01, 0x05, 0x06, 0x01,
  0x03, 0x00, 0x05, 0x03, 0x67, 0x00, 0x04, 0x04, 0x02, 0x61, 0x00, 0x02,
  0x02, 0x4e, 0x4d, 0x00, 0x00, 0x00, 0x01, 0x61, 0x00, 0x01, 0x01, 0x4c,
  0x01, 0x4e, 0x13, 0x13, 0x00, 0x00, 0x13, 0x19, 0x13, 0x19, 0x17, 0x15,
  0x00, 0x12, 0x00, 0x11, 0x24, 0x23, 0x22, 0x08, 0x0a, 0x19, 0x2b, 0x01,
  0x14, 0x16, 0x33, 0x32, 0x37, 0x05, 0x02, 0x21, 0x22, 0x00, 0x11, 0x10,
  0x00, 0x33, 0x32, 0x12, 0x11, 0x15, 0x25, 0x26, 0x26, 0x23, 0x22, 0x06,
  0x07, 0x01, 0x77, 0x75, 0x6c, 0x95, 0x27, 0x01, 0x09, 0x73, 0xfe, 0xa0,
  0xf4, 0xfe, 0xfa, 0x01, 0x0a, 0xf4, 0xe9, 0xf6, 0xfe, 0xf0, 0x08, 0x6e,
  0x5d, 0x63, 0x6b, 0x03, 0x01, 0xe7, 0x9e, 0xa1, 0x81, 0x17, 0xfe, 0xda,
  0x01, 0x21, 0x01, 0x15, 0x01, 0x0c, 0x01, 0x20, 0xfe, 0xcb, 0xfe, 0xd6,
  0x08, 0xb0, 0x83, 0x83, 0x8a, 0x7c, 0x00, 0x01, 0x00, 0x23, 0x00, 0x00,
  0x02, 0xae, 0x05, 0xcc, 0x00, 0x14, 0x00, 0x39, 0x40, 0x36, 0x0b, 0x01,
  0x04, 0x03, 0x0c, 0x01, 0x02, 0x04, 0x02, 0x4c, 0x00, 0x04, 0x04, 0x03,
  0x61, 0x00, 0x03, 0x03, 0x47, 0x4d, 0x07, 0x06, 0x02, 0x01, 0x01, 0x02,
  0x5f, 0x05, 0x01, 0x02, 0x02, 0x48, 0x4d, 0x00, 0x00, 0x00, 0x46, 0x00,
  0x4e, 0x00, 0x00, 0x00, 0x14, 0x00, 0x14, 0x13, 0x23, 0x22, 0x11, 0x11,
  0x11, 0x08, 0x0a, 0x1c, 0x2b, 0x01, 0x11, 0x21, 0x11, 0x23, 0x35, 0x33,
  0x35, 0x10, 0x21, 0x32, 0x17, 0x15, 0x26, 0x23, 0x22, 0x06, 0x15, 0x15,
  0x33, 0x15, 0x01, 0xd9, 0xfe, 0xe8, 0x9e, 0x9e, 0x01, 0x3b, 0x52, 0x60,
  0x28, 0x2a, 0x48, 0x3b, 0xd5, 0x03, 0x7c, 0xfc, 0x84, 0x03, 0x7c, 0xbe,
  0x71, 0x01, 0x21, 0x10, 0xb5, 0x09, 0x39, 0x48, 0x55, 0xbe, 0x00, 0x02,
  0x00, 0x54, 0xfe, 0x4e, 0x04, 0x5a, 0x04, 0x4f, 0x00, 0x21, 0x00, 0x2b,
  0x00, 0x77, 0x40, 0x0c, 0x16, 0x0b, 0x02, 0x06, 0x05, 0x04, 0x03, 0x02,
  0x01, 0x02, 0x02, 0x4c, 0x4b, 0xb0, 0x14, 0x50, 0x58, 0x40, 0x21, 0x00,
  0x05, 0x05, 0x03, 0x61, 0x04, 0x01, 0x03, 0x03, 0x4e, 0x4d, 0x00, 0x06,
  0x06, 0x02, 0x61, 0x00, 0x02, 0x02, 0x46, 0x4d, 0x00, 0x01, 0x01, 0x00,
  0x61, 0x07, 0x01, 0x00, 0x00, 0x4a, 0x00, 0x4e, 0x1b, 0x40, 0x25, 0x00,
  0x04, 0x04, 0x48, 0x4d, 0x00, 0x05, 0x05, 0x03, 0x61, 0x00, 0x03, 0x03,
  0x4e, 0x4d, 0x00, 0x06, 0x06, 0x02, 0x61, 0x00, 0x02, 0x02, 0x46, 0x4d,
  0x00, 0x01, 0x01, 0x00, 0x61, 0x07, 0x01, 0x00, 0x00, 0x4a, 0x00, 0x4e,
  0x59, 0x40, 0x15, 0x01, 0x00, 0x2a, 0x28, 0x26, 0x24, 0x1c, 0x1a, 0x15,
  0x13, 0x0f, 0x0d, 0x08, 0x06, 0x00, 0x21, 0x01, 0x21, 0x08, 0x0a, 0x16,
  0x2b, 0x01, 0x22, 0x26, 0x27, 0x25, 0x16, 0x16, 0x33, 0x32, 0x36, 0x35,
  0x37, 0x23, 0x06, 0x23, 0x22, 0x02, 0x11, 0x10, 0x12, 0x33, 0x32, 0x17,
  0x33, 0x34, 0x36, 0x36, 0x37, 0x21, 0x06, 0x15, 0x11, 0x14, 0x04, 0x03,
  0x34, 0x26, 0x23, 0x22, 0x11, 0x10, 0x33, 0x32, 0x36, 0x02, 0x54, 0xc6,
  0xf1, 0x1c, 0x01, 0x19, 0x0f, 0x63, 0x50, 0x75, 0x6c, 0x02, 0x02, 0x5d,
  0xff, 0xbd, 0xd0, 0xd6, 0xcc, 0xec, 0x5b, 0x05, 0x04, 0x07, 0x03, 0x01,
  0x0a, 0x06, 0xfe, 0xfa, 0x0f, 0x77, 0x6e, 0xe1, 0xdf, 0x70, 0x77, 0xfe,
  0x4e, 0x97, 0x8c, 0x21, 0x41, 0x4a, 0x90, 0x8e, 0xa4, 0xc7, 0x01, 0x1c,
  0x01, 0x08, 0x01, 0x09, 0x01, 0x20, 0xc3, 0x18, 0x48, 0x42, 0x0c, 0x6c,
  0x8e, 0xfc, 0xe1, 0xe7, 0xec, 0x03, 0xde, 0xa7, 0xbb, 0xfe, 0x98, 0xfe,
  0x9f, 0xbb, 0x00, 0x01, 0x00, 0x8f, 0x00, 0x00, 0x04, 0x64, 0x05, 0xcc,
  0x00, 0x16, 0x00, 0x21, 0x40, 0x1e, 0x00, 0x04, 0x04, 0x47, 0x4d, 0x00,
  0x02, 0x02, 0x00, 0x61, 0x00, 0x00, 0x00, 0x4e, 0x4d, 0x03, 0x01, 0x01,
  0x01, 0x46, 0x01, 0x4e, 0x11, 0x13, 0x22, 0x13, 0x22, 0x05, 0x0a, 0x1b,
  0x2b, 0x01, 0x36, 0x36, 0x33, 0x32, 0x16, 0x15, 0x11, 0x21, 0x11, 0x10,
  0x23, 0x22, 0x06, 0x15, 0x11, 0x21, 0x11, 0x21, 0x11, 0x14, 0x06, 0x07,
  0x01, 0xa4, 0x39, 0xac, 0x77, 0xac, 0xb8, 0xfe, 0xe8, 0xc1, 0x66, 0x7d,
  0xfe, 0xe7, 0x01, 0x19, 0x04, 0x04, 0x03, 0x62, 0x7c, 0x70, 0xd4, 0xcc,
  0xfd, 0x52, 0x02, 0x5e, 0x01, 0x1d, 0xaf, 0x89, 0xfd, 0xbd, 0x05, 0xcc,
  0xfe, 0x6b, 0x37, 0x6a, 0x34, 0x00, 0x00, 0x02, 0x00, 0x8f, 0x00, 0x00,
  0x01, 0xa8, 0x05, 0xcc, 0x00, 0x03, 0x00, 0x07, 0x00, 0x2c, 0x40, 0x29,
  0x00, 0x00, 0x00, 0x01, 0x5f, 0x04, 0x01, 0x01, 0x01, 0x47, 0x4d, 0x05,
  0x01, 0x03, 0x03, 0x48, 0x4d, 0x00, 0x02, 0x02, 0x46, 0x02, 0x4e, 0x04,
  0x04, 0x00, 0x00, 0x04, 0x07, 0x04, 0x07, 0x06, 0x05, 0x00, 0x03, 0x00,
  0x03, 0x11, 0x06, 0x0a, 0x17, 0x2b, 0x01, 0x15, 0x21, 0x35, 0x01, 0x11,
  0x21, 0x11, 0x01, 0xa8, 0xfe, 0xe7, 0x01, 0x19, 0xfe, 0xe7, 0x05, 0xcc,
  0xcf, 0xcf, 0xfe, 0x6e, 0xfb, 0xc6, 0x04, 0x3a, 0x00, 0x02, 0xff, 0xe0,
  0xfe, 0x57, 0x01, 0xa9, 0x05, 0xcc, 0x00, 0x03, 0x00, 0x12, 0x00, 0x3d,
  0x40, 0x3a, 0x07, 0x01, 0x03, 0x04, 0x06, 0x01, 0x02, 0x03, 0x02, 0x4c,
  0x00, 0x00, 0x00, 0x01, 0x5f, 0x05, 0x01, 0x01, 0x01, 0x47, 0x4d, 0x00,
  0x04, 0x04, 0x48, 0x4d, 0x00, 0x03, 0x03, 0x02, 0x62, 0x06, 0x01, 0x02,
  0x02, 0x4a, 0x02, 0x4e, 0x05, 0x04, 0x00, 0x00, 0x0f, 0x0e, 0x0b, 0x09,
  0x04, 0x12, 0x05, 0x12, 0x00, 0x03, 0x00, 0x03, 0x11, 0x07, 0x0a, 0x17,
  0x2b, 0x01, 0x15, 0x21, 0x35, 0x03, 0x22, 0x27, 0x35, 0x16, 0x16, 0x33,
  0x32, 0x36, 0x35, 0x11, 0x21, 0x11, 0x14, 0x06, 0x01, 0xa9, 0xfe, 0xe7,
  0x06, 0x63, 0x47, 0x0d, 0x19, 0x0d, 0x48, 0x35, 0x01, 0x19, 0x91, 0x05,
  0xcc, 0xcf, 0xcf, 0xf8, 0x8b, 0x09, 0xc6, 0x01, 0x03, 0x3f, 0x63, 0x04,
  0x76, 0xfb, 0x46, 0x8f, 0x9a, 0x00, 0x00, 0x01, 0x00, 0x8f, 0x00, 0x00,
  0x04, 0x75, 0x05, 0xcc, 0x00, 0x0b, 0x00, 0x24, 0x40, 0x21, 0x0b, 0x08,
  0x05, 0x00, 0x04, 0x00, 0x02, 0x01, 0x4c, 0x00, 0x01, 0x01, 0x47, 0x4d,
  0x00, 0x02, 0x02, 0x48, 0x4d, 0x03, 0x01, 0x00, 0x00, 0x46, 0x00, 0x4e,
  0x12, 0x12, 0x11, 0x11, 0x04, 0x0a, 0x1a, 0x2b, 0x01, 0x11, 0x21, 0x11,
  0x21, 0x11, 0x01, 0x21, 0x01, 0x01, 0x21, 0x01, 0x01, 0xa8, 0xfe, 0xe7,
  0x01, 0x19, 0x01, 0x82, 0x01, 0x2e, 0xfe, 0x84, 0x01, 0x99, 0xfe, 0xcd,
  0xfe, 0xdf, 0x01, 0x96, 0xfe, 0x6a, 0x05, 0xcc, 0xfc, 0xae, 0x01, 0xc0,
  0xfe, 0x5a, 0xfd, 0x6c, 0x01, 0xea, 0x00, 0x01, 0x00, 0x8f, 0x00, 0x00,
  0x01, 0xa8, 0x05, 0xcc, 0x00, 0x03, 0x00, 0x19, 0x40, 0x16, 0x02, 0x01,
  0x01, 0x01, 0x47, 0x4d, 0x00, 0x00, 0x00, 0x46, 0x00, 0x4e, 0x00, 0x00,
  0x00, 0x03, 0x00, 0x03, 0x11, 0x03, 0x0a, 0x17, 0x2b, 0x01, 0x11, 0x21,
  0x11, 0x01, 0xa8, 0xfe, 0xe7, 0x05, 0xcc, 0xfa, 0x34, 0x05, 0xcc, 0x00,
  0x00, 0x01, 0x00, 0x87, 0x00, 0x00, 0x06, 0x9e, 0x04, 0x4f, 0x00, 0x27,
  0x00, 0x4f, 0xb6, 0x11, 0x0b, 0x02, 0x00, 0x05, 0x01, 0x4c, 0x4b, 0xb0,
  0x17, 0x50, 0x58, 0x40, 0x15, 0x07, 0x01, 0x05, 0x05, 0x01, 0x61, 0x03,
  0x02, 0x02, 0x01, 0x01, 0x48, 0x4d, 0x06, 0x04, 0x02, 0x00, 0x00, 0x46,
  0x00, 0x4e, 0x1b, 0x40, 0x19, 0x00, 0x01, 0x01, 0x48, 0x4d, 0x07, 0x01,
  0x05, 0x05, 0x02, 0x61, 0x03, 0x01, 0x02, 0x02, 0x4e, 0x4d, 0x06, 0x04,
  0x02, 0x00, 0x00, 0x46, 0x00, 0x4e, 0x59, 0x40, 0x0b, 0x22, 0x13, 0x22,
  0x13, 0x24, 0x27, 0x14, 0x11, 0x08, 0x0a, 0x1e, 0x2b, 0x01, 0x11, 0x21,
  0x11, 0x34, 0x26, 0x27, 0x21, 0x1e, 0x02, 0x15, 0x33, 0x36, 0x36, 0x33,
  0x32, 0x17, 0x33, 0x36, 0x36, 0x33, 0x32, 0x16, 0x15, 0x11, 0x21, 0x11,
  0x10, 0x23, 0x22, 0x06, 0x15, 0x11, 0x21, 0x11, 0x10, 0x23, 0x22, 0x06,
  0x01, 0xa8, 0xfe, 0xe7, 0x05, 0x03, 0x01, 0x0c, 0x02, 0x06, 0x05, 0x04,
  0x34, 0x9b, 0x6c, 0xf8, 0x35, 0x06, 0x37, 0x9a, 0x77, 0x9e, 0xa6, 0xfe,
  0xe9, 0xa4, 0x52, 0x6e, 0xfe, 0xe9, 0xa4, 0x55, 0x6b, 0x02, 0x44, 0xfd,
  0xbc, 0x03, 0x48, 0x57, 0x6f, 0x2c, 0x0c, 0x59, 0x5d, 0x15, 0x7c, 0x70,
  0xec, 0x7e, 0x6e, 0xd7, 0xc9, 0xfd, 0x51, 0x02, 0x5f, 0x01, 0x1d, 0x9f,
  0x8c, 0xfd, 0xaf, 0x02, 0x5f, 0x01, 0x1d, 0xae, 0x00, 0x01, 0x00, 0x87,
  0x00, 0x00, 0x04, 0x64, 0x04, 0x4f, 0x00, 0x19, 0x00, 0x44, 0xb5, 0x0b,
  0x01, 0x00, 0x04, 0x01, 0x4c, 0x4b, 0xb0, 0x17, 0x50, 0x58, 0x40, 0x12,
  0x00, 0x04, 0x04, 0x01, 0x61, 0x02, 0x01, 0x01, 0x01, 0x48, 0x4d, 0x03,
  0x01, 0x00, 0x00, 0x46, 0x00, 0x4e, 0x1b, 0x40, 0x16, 0x00, 0x01, 0x01,
  0x48, 0x4d, 0x00, 0x04, 0x04, 0x02, 0x61, 0x00, 0x02, 0x02, 0x4e, 0x4d,
  0x03, 0x01, 0x00, 0x00, 0x46, 0x00, 0x4e, 0x59, 0xb7, 0x22, 0x13, 0x27,
  0x14, 0x11, 0x05, 0x0a, 0x1b, 0x2b, 0x01, 0x11, 0x21, 0x11, 0x34, 0x26,
  0x27, 0x21, 0x1e, 0x02, 0x15, 0x33, 0x36, 0x36, 0x33, 0x32, 0x16, 0x15,
  0x11, 0x21, 0x11, 0x10, 0x23, 0x22, 0x06, 0x01, 0xa8, 0xfe, 0xe7, 0x05,
  0x03, 0x01, 0x0c, 0x02, 0x06, 0x05, 0x04, 0x39, 0xac, 0x77, 0xac, 0xb8,
  0xfe, 0xe8, 0xc1, 0x66, 0x7d, 0x02, 0x44, 0xfd, 0xbc, 0x03, 0x48, 0x57,
  0x6f, 0x2c, 0x0c, 0x59, 0x5d, 0x15, 0x7c, 0x70, 0xd4, 0xcc, 0xfd, 0x51,
  0x02, 0x5f, 0x01, 0x1d, 0xaf, 0x00, 0x00, 0x02, 0x00, 0x50, 0xff, 0xec,
  0x04, 0x93, 0x04, 0x4e, 0x00, 0x0b, 0x00, 0x15, 0x00, 0x1f, 0x40, 0x1c,
  0x00, 0x02, 0x02, 0x01, 0x61, 0x00, 0x01, 0x01, 0x4e, 0x4d, 0x00, 0x03,
  0x03, 0x00, 0x61, 0x00, 0x00, 0x00, 0x4c, 0x00, 0x4e, 0x23, 0x24, 0x24,
  0x22, 0x04, 0x0a, 0x1a, 0x2b, 0x01, 0x10, 0x00, 0x21, 0x22, 0x00, 0x11,
  0x10, 0x00, 0x21, 0x20, 0x00, 0x01, 0x34, 0x26, 0x23, 0x20, 0x11, 0x14,
  0x16, 0x33, 0x20, 0x04, 0x93, 0xfe, 0xdc, 0xfe, 0xfe, 0xfd, 0xfe, 0xe0,
  0x01, 0x20, 0x01, 0x03, 0x01, 0x09, 0x01, 0x17, 0xfe, 0xda, 0x7e, 0x78,
  0xff, 0x00, 0x7d, 0x76, 0x01, 0x03, 0x02, 0x1e, 0xfe, 0xf9, 0xfe, 0xd5,
  0x01, 0x2c, 0x01, 0x06, 0x01, 0x05, 0x01, 0x2b, 0xfe, 0xdf, 0xfe, 0xf1,
  0xc1, 0xae, 0xfe, 0x91, 0xb5, 0xbd, 0x00, 0x02, 0x00, 0x87, 0xfe, 0x57,
  0x04, 0x8f, 0x04, 0x51, 0x00, 0x17, 0x00, 0x21, 0x00, 0x5e, 0x40, 0x0b,
  0x12, 0x01, 0x05, 0x04, 0x01, 0x4c, 0x05, 0x01, 0x05, 0x01, 0x4b, 0x4b,
  0xb0, 0x16, 0x50, 0x58, 0x40, 0x1b, 0x00, 0x04, 0x04, 0x02, 0x61, 0x03,
  0x01, 0x02, 0x02, 0x48, 0x4d, 0x00, 0x05, 0x05, 0x00, 0x61, 0x00, 0x00,
  0x00, 0x4c, 0x4d, 0x00, 0x01, 0x01, 0x4a, 0x01, 0x4e, 0x1b, 0x40, 0x1f,
  0x00, 0x02, 0x02, 0x48, 0x4d, 0x00, 0x04, 0x04, 0x03, 0x61, 0x00, 0x03,
  0x03, 0x4e, 0x4d, 0x00, 0x05, 0x05, 0x00, 0x61, 0x00, 0x00, 0x00, 0x4c,
  0x4d, 0x00, 0x01, 0x01, 0x4a, 0x01, 0x4e, 0x59, 0x40, 0x09, 0x24, 0x23,
  0x25, 0x14, 0x15, 0x22, 0x06, 0x0a, 0x1c, 0x2b, 0x01, 0x10, 0x02, 0x23,
  0x22, 0x27, 0x23, 0x16, 0x15, 0x11, 0x21, 0x11, 0x34, 0x26, 0x27, 0x21,
  0x16, 0x16, 0x15, 0x33, 0x36, 0x33, 0x32, 0x12, 0x01, 0x10, 0x23, 0x22,
  0x06, 0x15, 0x14, 0x16, 0x33, 0x32, 0x04, 0x8f, 0xd9, 0xc6, 0xeb, 0x5d,
  0x06, 0x06, 0xfe, 0xe7, 0x04, 0x04, 0x01, 0x11, 0x05, 0x07, 0x04, 0x5e,
  0xfc, 0xbd, 0xd0, 0xfe, 0xdb, 0xdf, 0x70, 0x77, 0x77, 0x6e, 0xe1, 0x02,
  0x22, 0xfe, 0xf1, 0xfe, 0xd9, 0xc0, 0x1e, 0x98, 0xfe, 0x61, 0x04, 0xea,
  0x4d, 0x7c, 0x30, 0x12, 0x6a, 0x34, 0xc7, 0xfe, 0xdd, 0xfe, 0xf4, 0x01,
  0x6c, 0xc4, 0xb0, 0xaf, 0xbf, 0x00, 0x00, 0x02, 0x00, 0x54, 0xfe, 0x57,
  0x04, 0x5a, 0x04, 0x4f, 0x00, 0x14, 0x00, 0x1e, 0x00, 0x59, 0xb6, 0x0f,
  0x05, 0x02, 0x05, 0x04, 0x01, 0x4c, 0x4b, 0xb0, 0x12, 0x50, 0x58, 0x40,
  0x1b, 0x00, 0x04, 0x04, 0x00, 0x61, 0x01, 0x01, 0x00, 0x00, 0x4e, 0x4d,
  0x00, 0x05, 0x05, 0x03, 0x61, 0x00, 0x03, 0x03, 0x4c, 0x4d, 0x00, 0x02,
  0x02, 0x4a, 0x02, 0x4e, 0x1b, 0x40, 0x1f, 0x00, 0x01, 0x01, 0x48, 0x4d,
  0x00, 0x04, 0x04, 0x00, 0x61, 0x00, 0x00, 0x00, 0x4e, 0x4d, 0x00, 0x05,
  0x05, 0x03, 0x61, 0x00, 0x03, 0x03, 0x4c, 0x4d, 0x00, 0x02, 0x02, 0x4a,
  0x02, 0x4e, 0x59, 0x40, 0x09, 0x22, 0x24, 0x24, 0x13, 0x23, 0x22, 0x06,
  0x0a, 0x1c, 0x2b, 0x13, 0x10, 0x12, 0x33, 0x32, 0x17, 0x34, 0x36, 0x37,
  0x21, 0x06, 0x15, 0x11, 0x21, 0x11, 0x37, 0x23, 0x06, 0x21, 0x22, 0x02,
  0x01, 0x34, 0x26, 0x23, 0x22, 0x11, 0x10, 0x33, 0x32, 0x36, 0x54, 0xdb,
  0xc7, 0xec, 0x5b, 0x0b, 0x04, 0x01, 0x0e, 0x06, 0xfe, 0xe9, 0x05, 0x02,
  0x5d, 0xfe, 0xfc, 0xbd, 0xce, 0x02, 0xeb, 0x74, 0x71, 0xe1, 0xdf, 0x6e,
  0x79, 0x02, 0x1c, 0x01, 0x0c, 0x01, 0x27, 0xc3, 0x2e, 0x71, 0x0f, 0x6c,
  0x8d, 0xfb, 0x16, 0x01, 0xc2, 0x9b, 0xc8, 0x01, 0x27, 0x01, 0x0f, 0xad,
  0xbf, 0xfe, 0x8e, 0xfe, 0x90, 0xc3, 0x00, 0x01, 0x00, 0x87, 0x00, 0x00,
  0x02, 0xfe, 0x04, 0x4f, 0x00, 0x19, 0x00, 0x59, 0x4b, 0xb0, 0x17, 0x50,
  0x58, 0x40, 0x0a, 0x15, 0x01, 0x00, 0x03, 0x01, 0x4c, 0x14, 0x01, 0x01,
  0x4a, 0x1b, 0x40, 0x0a, 0x14, 0x01, 0x01, 0x02, 0x15, 0x01, 0x00, 0x03,
  0x02, 0x4c, 0x59, 0x4b, 0xb0, 0x17, 0x50, 0x58, 0x40, 0x11, 0x00, 0x03,
  0x03, 0x01, 0x61, 0x02, 0x01, 0x01, 0x01, 0x48, 0x4d, 0x00, 0x00, 0x00,
  0x46, 0x00, 0x4e, 0x1b, 0x40, 0x15, 0x00, 0x01, 0x01, 0x48, 0x4d, 0x00,
  0x03, 0x03, 0x02, 0x61, 0x00, 0x02, 0x02, 0x4e, 0x4d, 0x00, 0x00, 0x00,
  0x46, 0x00, 0x4e, 0x59, 0xb6, 0x23, 0x2a, 0x14, 0x11, 0x04, 0x0a, 0x1a,
  0x2b, 0x01, 0x11, 0x21, 0x11, 0x34, 0x26, 0x27, 0x21, 0x1e, 0x03, 0x15,
  0x33, 0x36, 0x37, 0x36, 0x36, 0x33, 0x32, 0x17, 0x15, 0x26, 0x23, 0x22,
  0x06, 0x01, 0xa8, 0xfe, 0xe7, 0x05, 0x03, 0x01, 0x0c, 0x02, 0x04, 0x04,
  0x03, 0x04, 0x28, 0x21, 0x20, 0x58, 0x42, 0x36, 0x21, 0x43, 0x35, 0x69,
  0x75, 0x02, 0x13, 0xfd, 0xed, 0x03, 0x3c, 0x59, 0x77, 0x2e, 0x09, 0x3e,
  0x4d, 0x44, 0x0f, 0x70, 0x31, 0x2f, 0x2c, 0x0f, 0xeb, 0x0f, 0xaa, 0x00,
  0x00, 0x01, 0x00, 0x48, 0xff, 0xec, 0x04, 0x1f, 0x04, 0x4f, 0x00, 0x2a,
  0x00, 0x28, 0x40, 0x25, 0x1c, 0x1b, 0x07, 0x06, 0x04, 0x01, 0x03, 0x01,
  0x4c, 0x00, 0x03, 0x03, 0x02, 0x61, 0x00, 0x02, 0x02, 0x4e, 0x4d, 0x00,
  0x01, 0x01, 0x00, 0x61, 0x00, 0x00, 0x00, 0x4c, 0x00, 0x4e, 0x25, 0x2c,
  0x25, 0x22, 0x04, 0x0a, 0x1a, 0x2b, 0x01, 0x14, 0x04, 0x23, 0x22, 0x26,
  0x27, 0x37, 0x16, 0x16, 0x33, 0x32, 0x36, 0x35, 0x34, 0x26, 0x27, 0x26,
  0x27, 0x26, 0x26, 0x35, 0x34, 0x36, 0x33, 0x32, 0x16, 0x17, 0x07, 0x26,
  0x26, 0x23, 0x22, 0x06, 0x15, 0x14, 0x16, 0x17, 0x16, 0x16, 0x17, 0x16,
  0x16, 0x04, 0x1f, 0xfe, 0xff, 0xe3, 0xdf, 0xed, 0x27, 0xf7, 0x15, 0x67,
  0x80, 0x76, 0x6c, 0x57, 0x68, 0xeb, 0x56, 0x53, 0x57, 0xef, 0xdb, 0xc1,
  0xeb, 0x1d, 0xf9, 0x0c, 0x5e, 0x66, 0x64, 0x64, 0x4d, 0x5b, 0x7f, 0xc5,
  0x3c, 0x3b, 0x47, 0x01, 0x3c, 0x9d, 0xb3, 0x8d, 0x95, 0x25, 0x4d, 0x40,
  0x3c, 0x40, 0x34, 0x3d, 0x15, 0x2e, 0x2a, 0x29, 0x80, 0x5e, 0x9b, 0xad,
  0x96, 0x8e, 0x1a, 0x42, 0x41, 0x33, 0x3c, 0x2f, 0x37, 0x12, 0x1a, 0x37,
  0x26, 0x26, 0x77, 0x00, 0x00, 0x01, 0x00, 0x19, 0xff, 0xee, 0x02, 0x91,
  0x05, 0x38, 0x00, 0x14, 0x00, 0x33, 0x40, 0x30, 0x14, 0x01, 0x06, 0x01,
  0x00, 0x01, 0x00, 0x06, 0x02, 0x4c, 0x00, 0x03, 0x02, 0x03, 0x85, 0x05,
  0x01, 0x01, 0x01, 0x02, 0x5f, 0x04, 0x01, 0x02, 0x02, 0x48, 0x4d, 0x00,
  0x06, 0x06, 0x00, 0x62, 0x00, 0x00, 0x00, 0x4c, 0x00, 0x4e, 0x22, 0x11,
  0x11, 0x11, 0x11, 0x13, 0x21, 0x07, 0x0a, 0x1d, 0x2b, 0x25, 0x06, 0x23,
  0x22, 0x26, 0x35, 0x11, 0x23, 0x35, 0x33, 0x37, 0x33, 0x15, 0x33, 0x15,
  0x23, 0x11, 0x14, 0x33, 0x32, 0x37, 0x02, 0x91, 0x66, 0x87, 0x7c, 0x86,
  0x89, 0x97, 0x58, 0xb0, 0xcd, 0xcd, 0x7b, 0x1e, 0x40, 0x10, 0x22, 0x87,
  0x89, 0x02, 0x7e, 0xbe, 0xfe, 0xfe, 0xbe, 0xfd, 0xce, 0x9a, 0x0e, 0x00,
  0x00, 0x01, 0x00, 0x7f, 0xff, 0xec, 0x04, 0x5c, 0x04, 0x3a, 0x00, 0x17,
  0x00, 0x44, 0xb5, 0x17, 0x01, 0x02, 0x01, 0x01, 0x4c, 0x4b, 0xb0, 0x19,
  0x50, 0x58, 0x40, 0x12, 0x03, 0x01, 0x01, 0x01, 0x48, 0x4d, 0x00, 0x02,
  0x02, 0x00, 0x62, 0x04, 0x01, 0x00, 0x00, 0x4c, 0x00, 0x4e, 0x1b, 0x40,
  0x16, 0x03, 0x01, 0x01, 0x01, 0x48, 0x4d, 0x00, 0x04, 0x04, 0x46, 0x4d,
  0x00, 0x02, 0x02, 0x00, 0x62, 0x00, 0x00, 0x00, 0x4c, 0x00, 0x4e, 0x59,
  0xb7, 0x14, 0x13, 0x22, 0x13, 0x22, 0x05, 0x0a, 0x1b, 0x2b, 0x25, 0x06,
  0x06, 0x23, 0x22, 0x26, 0x35, 0x11, 0x21, 0x11, 0x10, 0x33, 0x32, 0x36,
  0x35, 0x11, 0x21, 0x11, 0x14, 0x16, 0x17, 0x21, 0x26, 0x35, 0x03, 0x3f,
  0x38, 0xad, 0x77, 0xac, 0xb8, 0x01, 0x19, 0xc0, 0x66, 0x7d, 0x01, 0x19,
  0x04, 0x04, 0xfe, 0xf4, 0x0c, 0xd7, 0x7b, 0x70, 0xd3, 0xcc, 0x02, 0xaf,
  0xfd, 0xa1, 0xfe, 0xe3, 0xaf, 0x89, 0x02, 0x44, 0xfc, 0xb8, 0x45, 0x79,
  0x34, 0x90, 0x47, 0x00, 0x00, 0x01, 0x00, 0x08, 0x00, 0x00, 0x04, 0x6a,
  0x04, 0x3a, 0x00, 0x0d, 0x00, 0x21, 0x40, 0x1e, 0x08, 0x01, 0x00, 0x01,
  0x01, 0x4c, 0x03, 0x02, 0x02, 0x01, 0x01, 0x48, 0x4d, 0x00, 0x00, 0x00,
  0x46, 0x00, 0x4e, 0x00, 0x00, 0x00, 0x0d, 0x00, 0x0d, 0x11, 0x11, 0x04,
  0x0a, 0x18, 0x2b, 0x01, 0x01, 0x21, 0x01, 0x21, 0x13, 0x16, 0x16, 0x17,
  0x3e, 0x02, 0x37, 0x13, 0x04, 0x6a, 0xfe, 0x71, 0xfe, 0xb0, 0xfe, 0x7d,
  0x01, 0x29, 0xbd, 0x08, 0x23, 0x1c, 0x04, 0x19, 0x1e, 0x0b, 0xc9, 0x04,
  0x3a, 0xfb, 0xc6, 0x04, 0x3a, 0xfd, 0xa3, 0x19, 0x7d, 0x64, 0x0e, 0x54,
  0x64, 0x22, 0x02, 0x6f, 0x00, 0x01, 0xff, 0xfa, 0x00, 0x00, 0x06, 0x3d,
  0x04, 0x3a, 0x00, 0x1e, 0x00, 0x21, 0x40, 0x1e, 0x1c, 0x11, 0x08, 0x03,
  0x00, 0x01, 0x01, 0x4c, 0x03, 0x02, 0x02, 0x01, 0x01, 0x48, 0x4d, 0x04,
  0x01, 0x00, 0x00, 0x46, 0x00, 0x4e, 0x11, 0x18, 0x18, 0x11, 0x11, 0x05,
  0x0a, 0x1b, 0x2b, 0x01, 0x03, 0x21, 0x01, 0x21, 0x13, 0x16, 0x16, 0x17,
  0x36, 0x36, 0x37, 0x13, 0x21, 0x13, 0x16, 0x16, 0x17, 0x36, 0x36, 0x37,
  0x13, 0x21, 0x01, 0x21, 0x03, 0x26, 0x26, 0x27, 0x06, 0x06, 0x02, 0xe9,
  0xae, 0xfe, 0xd7, 0xfe, 0xe8, 0x01, 0x08, 0x8a, 0x0a, 0x14, 0x0a, 0x0a,
  0x10, 0x0d, 0xaa, 0x01, 0x2d, 0xa6, 0x07, 0x15, 0x0d, 0x0b, 0x15, 0x0a,
  0x8e, 0x01, 0x04, 0xfe, 0xe4, 0xfe, 0xd7, 0xac, 0x06, 0x18, 0x11, 0x0d,
  0x18, 0x02, 0x92, 0xfd, 0x6e, 0x04, 0x3a, 0xfd, 0x80, 0x2e, 0x5e, 0x2f,
  0x30, 0x60, 0x2f, 0x02, 0x7c, 0xfd, 0x84, 0x1a, 0x5f, 0x46, 0x30, 0x5f,
  0x30, 0x02, 0x7c, 0xfb, 0xc6, 0x02, 0x94, 0x17, 0x6f, 0x58, 0x38, 0x70,
  0x00, 0x01, 0x00, 0x0e, 0x00, 0x00, 0x04, 0x64, 0x04, 0x3a, 0x00, 0x0b,
  0x00, 0x1f, 0x40, 0x1c, 0x09, 0x06, 0x03, 0x03, 0x00, 0x01, 0x01, 0x4c,
  0x02, 0x01, 0x01, 0x01, 0x48, 0x4d, 0x03, 0x01, 0x00, 0x00, 0x46, 0x00,
  0x4e, 0x12, 0x12, 0x12, 0x11, 0x04, 0x0a, 0x1a, 0x2b, 0x01, 0x03, 0x21,
  0x01, 0x01, 0x21, 0x13, 0x13, 0x21, 0x01, 0x01, 0x21, 0x02, 0x37, 0xfe,
  0xfe, 0xd5, 0x01, 0x8c, 0xfe, 0x87, 0x01, 0x2f, 0xe7, 0xe6, 0x01, 0x31,
  0xfe, 0x87, 0x01, 0x8f, 0xfe, 0xcf, 0x01, 0x88, 0xfe, 0x78, 0x02, 0x2f,
  0x02, 0x0b, 0xfe, 0x9e, 0x01, 0x62, 0xfd, 0xf8, 0xfd, 0xce, 0x00, 0x01,
  0x00, 0x10, 0xfe, 0x57, 0x04, 0x68, 0x04, 0x3a, 0x00, 0x19, 0x00, 0x30,
  0x40, 0x2d, 0x0e, 0x08, 0x03, 0x03, 0x01, 0x02, 0x02, 0x01, 0x00, 0x01,
  0x02, 0x4c, 0x03, 0x01, 0x02, 0x02, 0x48, 0x4d, 0x00, 0x01, 0x01, 0x00,
  0x62, 0x04, 0x01, 0x00, 0x00, 0x4a, 0x00, 0x4e, 0x01, 0x00, 0x13, 0x12,
  0x0a, 0x09, 0x06, 0x04, 0x00, 0x19, 0x01, 0x19, 0x05, 0x0a, 0x16, 0x2b,
  0x01, 0x22, 0x27, 0x35, 0x16, 0x33, 0x32, 0x36, 0x37, 0x01, 0x21, 0x13,
  0x16, 0x16, 0x17, 0x36, 0x36, 0x37, 0x13, 0x21, 0x01, 0x06, 0x06, 0x07,
  0x06, 0x06, 0x01, 0x1b, 0x67, 0x4a, 0x38, 0x29, 0x62, 0x61, 0x2e, 0xfe,
  0x54, 0x01, 0x29, 0xaa, 0x14, 0x32, 0x1f, 0x17, 0x2a, 0x19, 0xa0, 0x01,
  0x26, 0xfe, 0x54, 0x1a, 0x3a, 0x1e, 0x3d, 0x90, 0xfe, 0x57, 0x0d, 0xc8,
  0x08, 0x6a, 0x7d, 0x04, 0x2f, 0xfe, 0x05, 0x37, 0xa6, 0x71, 0x5c, 0x9c,
  0x52, 0x01, 0xff, 0xfb, 0x8d, 0x45, 0x6a, 0x29, 0x53, 0x45, 0x00, 0x01,
  0x00, 0x52, 0x00, 0x00, 0x03, 0xb6, 0x04, 0x3a, 0x00, 0x09, 0x00, 0x2f,
  0x40, 0x2c, 0x08, 0x01, 0x01, 0x02, 0x03, 0x01, 0x00, 0x03, 0x02, 0x4c,
  0x00, 0x01, 0x01, 0x02, 0x5f, 0x00, 0x02, 0x02, 0x48, 0x4d, 0x04, 0x01,
  0x03, 0x03, 0x00, 0x5f, 0x00, 0x00, 0x00, 0x46, 0x00, 0x4e, 0x00, 0x00,
  0x00, 0x09, 0x00, 0x09, 0x11, 0x12, 0x11, 0x05, 0x0a, 0x19, 0x2b, 0x25,
  0x15, 0x21, 0x35, 0x01, 0x21, 0x35, 0x21, 0x15, 0x01, 0x03, 0xb6, 0xfc,
  0x9c, 0x01, 0xfd, 0xfe, 0x2c, 0x03, 0x0a, 0xfe, 0x06, 0xcd, 0xcd, 0xc7,
  0x02, 0xa8, 0xcb, 0xc9, 0xfd, 0x5c, 0x00, 0x01, 0x00, 0x21, 0xfe, 0x57,
  0x02, 0xf2, 0x05, 0xcc, 0x00, 0x23, 0x00, 0x3a, 0x40, 0x37, 0x19, 0x01,
  0x01, 0x02, 0x01, 0x4c, 0x00, 0x02, 0x00, 0x01, 0x05, 0x02, 0x01, 0x69,
  0x00, 0x04, 0x04, 0x03, 0x5f, 0x00, 0x03, 0x03, 0x47, 0x4d, 0x00, 0x05,
  0x05, 0x00, 0x5f, 0x06, 0x01, 0x00, 0x00, 0x4a, 0x00, 0x4e, 0x01, 0x00,
  0x22, 0x20, 0x13, 0x11, 0x10, 0x0e, 0x09, 0x08, 0x07, 0x06, 0x00, 0x23,
  0x01, 0x23, 0x07, 0x0a, 0x16, 0x2b, 0x01, 0x22, 0x26, 0x35, 0x11, 0x34,
  0x26, 0x27, 0x35, 0x36, 0x36, 0x35, 0x11, 0x34, 0x36, 0x33, 0x33, 0x15,
  0x23, 0x22, 0x06, 0x15, 0x11, 0x14, 0x06, 0x07, 0x15, 0x16, 0x16, 0x15,
  0x11, 0x14, 0x16, 0x33, 0x33, 0x15, 0x02, 0x2d, 0x86, 0xa1, 0x6e, 0x77,
  0x79, 0x6c, 0x9d, 0x8a, 0xc5, 0x3a, 0x5b, 0x51, 0x73, 0x5c, 0x5f, 0x70,
  0x51, 0x5b, 0x3a, 0xfe, 0x57, 0x9d, 0x8e, 0x01, 0x48, 0x72, 0x71, 0x02,
  0xc3, 0x05, 0x71, 0x71, 0x01, 0x48, 0x92, 0x99, 0xbe, 0x68, 0x69, 0xfe,
  0xd3, 0x5f, 0x8a, 0x13, 0x04, 0x16, 0x89, 0x5d, 0xfe, 0xd3, 0x6a, 0x67,
  0xbf, 0x00, 0x00, 0x01, 0x00, 0x9c, 0xfe, 0x39, 0x01, 0xa2, 0x05, 0xcc,
  0x00, 0x03, 0x00, 0x30, 0x4b, 0xb0, 0x23, 0x50, 0x58, 0x40, 0x0c, 0x02,
  0x01, 0x01, 0x01, 0x47, 0x4d, 0x00, 0x00, 0x00, 0x4a, 0x00, 0x4e, 0x1b,
  0x40, 0x0c, 0x00, 0x00, 0x00, 0x01, 0x5f, 0x02, 0x01, 0x01, 0x01, 0x47,
  0x00, 0x4e, 0x59, 0x40, 0x0a, 0x00, 0x00, 0x00, 0x03, 0x00, 0x03, 0x11,
  0x03, 0x0a, 0x17, 0x2b, 0x01, 0x11, 0x21, 0x11, 0x01, 0xa2, 0xfe, 0xfa,
  0x05, 0xcc, 0xf8, 0x6d, 0x07, 0x93, 0x00, 0x01, 0x00, 0x2b, 0xfe, 0x57,
  0x02, 0xfe, 0x05, 0xcc, 0x00, 0x23, 0x00, 0x2f, 0x40, 0x2c, 0x08, 0x01,
  0x04, 0x03, 0x01, 0x4c, 0x00, 0x03, 0x00, 0x04, 0x00, 0x03, 0x04, 0x69,
  0x00, 0x01, 0x01, 0x02, 0x5f, 0x00, 0x02, 0x02, 0x47, 0x4d, 0x00, 0x00,
  0x00, 0x05, 0x5f, 0x00, 0x05, 0x05, 0x4a, 0x05, 0x4e, 0x25, 0x11, 0x15,
  0x21, 0x2d, 0x20, 0x06, 0x0a, 0x1c, 0x2b, 0x17, 0x33, 0x32, 0x36, 0x35,
  0x11, 0x34, 0x36, 0x37, 0x35, 0x26, 0x26, 0x35, 0x11, 0x34, 0x26, 0x23,
  0x23, 0x35, 0x33, 0x32, 0x16, 0x15, 0x11, 0x14, 0x16, 0x17, 0x15, 0x06,
  0x06, 0x15, 0x11, 0x14, 0x06, 0x23, 0x23, 0x2b, 0x39, 0x5d, 0x4f, 0x71,
  0x5e, 0x5b, 0x74, 0x4f, 0x5d, 0x39, 0xc5, 0x8a, 0x9d, 0x6e, 0x79, 0x79,
  0x6e, 0xa0, 0x87, 0xc5, 0xea, 0x67, 0x6a, 0x01, 0x2d, 0x5c, 0x8a, 0x16,
  0x04, 0x13, 0x89, 0x60, 0x01, 0x2d, 0x69, 0x68, 0xbe, 0x99, 0x92, 0xfe,
  0xb8, 0x70, 0x72, 0x05, 0xc3, 0x02, 0x74, 0x6f, 0xfe, 0xb8, 0x8d, 0x9e,
  0x00, 0x01, 0x00, 0x51, 0x02, 0x04, 0x04, 0x5f, 0x03, 0x48, 0x00, 0x17,
  0x00, 0x3f, 0xb1, 0x06, 0x64, 0x44, 0x40, 0x34, 0x14, 0x09, 0x02, 0x03,
  0x02, 0x15, 0x08, 0x02, 0x00, 0x01, 0x02, 0x4c, 0x00, 0x03, 0x01, 0x00,
  0x03, 0x59, 0x00, 0x02, 0x00, 0x01, 0x00, 0x02, 0x01, 0x69, 0x00, 0x03,
  0x03, 0x00, 0x61, 0x04, 0x01, 0x00, 0x03, 0x00, 0x51, 0x01, 0x00, 0x13,
  0x11, 0x0c, 0x0a, 0x06, 0x04, 0x00, 0x17, 0x01, 0x17, 0x05, 0x0a, 0x16,
  0x2b, 0xb1, 0x06, 0x00, 0x44, 0x01, 0x22, 0x26, 0x27, 0x26, 0x23, 0x22,
  0x06, 0x07, 0x35, 0x36, 0x33, 0x32, 0x17, 0x16, 0x16, 0x17, 0x16, 0x33,
  0x32, 0x37, 0x15, 0x06, 0x06, 0x03, 0x54, 0x4b, 0x91, 0x4b, 0x88, 0x55,
  0x47, 0x77, 0x41, 0x71, 0x9e, 0x68, 0x8a, 0x42, 0x5b, 0x19, 0x32, 0x2d,
  0x85, 0x73, 0x40, 0x75, 0x02, 0x04, 0x2a, 0x1a, 0x2f, 0x2b, 0x2d, 0xd5,
  0x54, 0x2f, 0x17, 0x1d, 0x06, 0x0c, 0x5c, 0xdb, 0x2c, 0x24, 0x00, 0x02,
  0x00, 0x5a, 0x03, 0x1b, 0x02, 0xdb, 0x05, 0x91, 0x00, 0x0f, 0x00, 0x1b,
  0x00, 0x2a, 0xb1, 0x06, 0x64, 0x44, 0x40, 0x1f, 0x00, 0x01, 0x00, 0x02,
  0x03, 0x01, 0x02, 0x69, 0x00, 0x03, 0x00, 0x00, 0x03, 0x59, 0x00, 0x03,
  0x03, 0x00, 0x61, 0x00, 0x00, 0x03, 0x00, 0x51, 0x24, 0x25, 0x26, 0x23,
  0x04, 0x0a, 0x1a, 0x2b, 0xb1, 0x06, 0x00, 0x44, 0x01, 0x14, 0x06, 0x06,
  0x23, 0x22, 0x26, 0x26, 0x35, 0x34, 0x36, 0x36, 0x33, 0x32, 0x16, 0x16,
  0x07, 0x34, 0x26, 0x23, 0x22, 0x06, 0x15, 0x14, 0x16, 0x33, 0x32, 0x36,
  0x02, 0xdb, 0x56, 0x91, 0x5a, 0x58, 0x91, 0x57, 0x56, 0x92, 0x58, 0x5a,
  0x91, 0x56, 0x9e, 0x5d, 0x46, 0x47, 0x5f, 0x62, 0x44, 0x43, 0x60, 0x04,
  0x59, 0x56, 0x91, 0x57, 0x54, 0x8f, 0x58, 0x57, 0x8f, 0x55, 0x54, 0x8d,
  0x5a, 0x46, 0x60, 0x61, 0x45, 0x45, 0x63, 0x62, 0x00, 0x01, 0x00, 0x41,
  0x01, 0x7d, 0x02, 0x8b, 0x03, 0xc9, 0x00, 0x0f, 0x00, 0x18, 0x40, 0x15,
  0x00, 0x01, 0x00, 0x00, 0x01, 0x59, 0x00, 0x01, 0x01, 0x00, 0x61, 0x00,
  0x00, 0x01, 0x00, 0x51, 0x26, 0x23, 0x02, 0x0a, 0x18, 0x2b, 0x01, 0x14,
  0x06, 0x06, 0x23, 0x22, 0x26, 0x26, 0x35, 0x34, 0x36, 0x36, 0x33, 0x32,
  0x16, 0x16, 0x02, 0x8b, 0x50, 0x86, 0x51, 0x4f, 0x85, 0x4f, 0x4f, 0x84,
  0x50, 0x52, 0x85, 0x50, 0x02, 0xa4, 0x50, 0x87, 0x50, 0x50, 0x86, 0x51,
  0x52, 0x84, 0x4f, 0x4f, 0x84, 0x00, 0x00, 0x01, 0x00, 0x3e, 0x01, 0xc0,
  0x04, 0x34, 0x02, 0x8b, 0x00, 0x03, 0x00, 0x1f, 0x40, 0x1c, 0x02, 0x01,
  0x01, 0x00, 0x00, 0x01, 0x57, 0x02, 0x01, 0x01, 0x01, 0x00, 0x5f, 0x00,
  0x00, 0x01, 0x00, 0x4f, 0x00, 0x00, 0x00, 0x03, 0x00, 0x03, 0x11, 0x03,
  0x0a, 0x17, 0x2b, 0x01, 0x15, 0x21, 0x35, 0x04, 0x34, 0xfc, 0x0a, 0x02,
  0x8b, 0xcb, 0xcb, 0x00, 0x00, 0x01, 0x00, 0x00, 0x01, 0xc0, 0x08, 0x00,
  0x02, 0x8b, 0x00, 0x03, 0x00, 0x1f, 0x40, 0x1c, 0x02, 0x01, 0x01, 0x00,
  0x00, 0x01, 0x57, 0x02, 0x01, 0x01, 0x01, 0x00, 0x5f, 0x00, 0x00, 0x01,
  0x00, 0x4f, 0x00, 0x00, 0x00, 0x03, 0x00, 0x03, 0x11, 0x03, 0x0a, 0x17,
  0x2b, 0x01, 0x15, 0x21, 0x35, 0x08, 0x00, 0xf8, 0x00, 0x02, 0x8b, 0xcb,
  0xcb, 0x00, 0x00, 0x01, 0x00, 0x8d, 0x02, 0x13, 0x01, 0xad, 0x03, 0x44,
  0x00, 0x03, 0x00, 0x1f, 0x40, 0x1c, 0x02, 0x01, 0x01, 0x00, 0x00, 0x01,
  0x57, 0x02, 0x01, 0x01, 0x01, 0x00, 0x5f, 0x00, 0x00, 0x01, 0x00, 0x4f,
  0x00, 0x00, 0x00, 0x03, 0x00, 0x03, 0x11, 0x03, 0x0a, 0x17, 0x2b, 0x01,
  0x11, 0x21, 0x11, 0x01, 0xad, 0xfe, 0xe0, 0x03, 0x44, 0xfe, 0xcf, 0x01,
  0x31, 0x00, 0x00, 0x01, 0x01, 0xa2, 0x01, 0x2c, 0x06, 0x5e, 0x03, 0x0c,
  0x00, 0x0d, 0x00, 0x5c, 0xb6, 0x06, 0x05, 0x02, 0x02, 0x03, 0x01, 0x4c,
  0x4b, 0xb0, 0x0d, 0x50, 0x58, 0x40, 0x1e, 0x00, 0x00, 0x03, 0x03, 0x00,
  0x70, 0x00, 0x01, 0x02, 0x02, 0x01, 0x71, 0x04, 0x01, 0x03, 0x02, 0x02,
  0x03, 0x57, 0x04, 0x01, 0x03, 0x03, 0x02, 0x60, 0x00, 0x02, 0x03, 0x02,
  0x50, 0x1b, 0x40, 0x1c, 0x00, 0x00, 0x03, 0x00, 0x85, 0x00, 0x01, 0x02,
  0x01, 0x86, 0x04, 0x01, 0x03, 0x02, 0x02, 0x03, 0x57, 0x04, 0x01, 0x03,
  0x03, 0x02, 0x60, 0x00, 0x02, 0x03, 0x02, 0x50, 0x59, 0x40, 0x0c, 0x00,
  0x00, 0x00, 0x0d, 0x00, 0x0d, 0x12, 0x15, 0x12, 0x05, 0x06, 0x19, 0x2b,
  0x01, 0x26, 0x27, 0x33, 0x16, 0x17, 0x15, 0x06, 0x07, 0x23, 0x36, 0x37,
  0x21, 0x35, 0x05, 0x7f, 0x3b, 0x3c, 0x48, 0x80, 0x8e, 0x8e, 0x80, 0x48,
  0x3c, 0x3b, 0xfc, 0x23, 0x02, 0x47, 0x46, 0x7f, 0x94, 0x4a, 0x24, 0x49,
  0x95, 0x7f, 0x46, 0x56, 0x00, 0x01, 0x00, 0x00, 0x00, 0x66, 0x00, 0x5b,
  0x00, 0x05, 0x00, 0x00, 0x00, 0x00, 0x00, 0x02, 0x01, 0xf8, 0x03, 0x0c,
  0x00, 0x8d, 0x00, 0x00, 0x04, 0x0f, 0x0e, 0x0c, 0x00, 0x00, 0x00, 0x00,
  0x00, 0x00, 0x00, 0x2b, 0x00, 0x2b, 0x00, 0x58, 0x00, 0x80, 0x00, 0xdb,
  0x01, 0x9a, 0x02, 0x2d, 0x02, 0xce, 0x02, 0xe9, 0x03, 0x19, 0x03, 0x49,
  0x03, 0x76, 0x03, 0xa4, 0x03, 0xc7, 0x03, 0xe4, 0x03, 0xff, 0x04, 0x27,
  0x04, 0x65, 0x04, 0x91, 0x04, 0xf3, 0x05, 0x4d, 0x05, 0x8b, 0x05, 0xda,
  0x06, 0x2e, 0x06, 0x60, 0x06, 0xbc, 0x07, 0x0f, 0x07, 0x4b, 0x07, 0x93,
  0x07, 0xab, 0x07, 0xd4, 0x07, 0xed, 0x08, 0x3d, 0x09, 0x36, 0x09, 0x71,
  0x09, 0xc1, 0x0a, 0x09, 0x0a, 0x3e, 0x0a, 0x6e, 0x0a, 0x99, 0x0a, 0xec,
  0x0b, 0x1a, 0x0b, 0x35, 0x0b, 0x6b, 0x0b, 0x99, 0x0b, 0xb9, 0x0b, 0xfd,
  0x0c, 0x2b, 0x0c, 0x6d, 0x0c, 0xa4, 0x0d, 0x11, 0x0d, 0x56, 0x0d, 0xb5,
  0x0d, 0xd9, 0x0e, 0x0d, 0x0e, 0x3d, 0x0e, 0x8a, 0x0e, 0xbb, 0x0e, 0xe2,
  0x0f, 0x10, 0x0f, 0x35, 0x0f, 0x5d, 0x0f, 0x83, 0x0f, 0xac, 0x0f, 0xcc,
  0x0f, 0xed, 0x10, 0xa2, 0x11, 0x08, 0x11, 0x52, 0x11, 0xbd, 0x12, 0x0b,
  0x12, 0x49, 0x12, 0xc9, 0x13, 0x01, 0x13, 0x2c, 0x13, 0x6d, 0x13, 0x9d,
  0x13, 0xb8, 0x14, 0x1c, 0x14, 0x69, 0x14, 0xa5, 0x15, 0x0b, 0x15, 0x6b,
  0x15, 0xc2, 0x16, 0x18, 0x16, 0x52, 0x16, 0x9c, 0x16, 0xcc, 0x17, 0x18,
  0x17, 0x47, 0x17, 0x8f, 0x17, 0xbd, 0x18, 0x0f, 0x18, 0x35, 0x18, 0x80,
  0x18, 0xc7, 0x19, 0x08, 0x19, 0x31, 0x19, 0x4e, 0x19, 0x6b, 0x19, 0x89,
  0x19, 0xd2, 0x00, 0x00, 0x00, 0x01, 0x00, 0x00, 0x00, 0x01, 0x54, 0x7b,
  0xf7, 0xd5, 0x3a, 0xea, 0x5f, 0x0f, 0x3c, 0xf5, 0x00, 0x0f, 0x08, 0x00,
  0x00, 0x00, 0x00, 0x00, 0xd9, 0xf8, 0xd2, 0x19, 0x00, 0x00, 0x00, 0x00,
  0xe6, 0x14, 0xe5, 0x1b, 0xff, 0xe0, 0xfe, 0x39, 0x08, 0x00, 0x05, 0xf0,
  0x00, 0x01, 0x00, 0x06, 0x00, 0x02, 0x00, 0x00, 0x00, 0x00, 0x00, 0x00,
  0x06, 0x00, 0x00, 0xcd, 0x02, 0x39, 0x00, 0x00, 0x02, 0xaa, 0x00, 0xc1,
  0x03, 0xcb, 0x00, 0x87, 0x04, 0x73, 0x00, 0x23, 0x04, 0x73, 0x00, 0x1b,
  0x07, 0x1d, 0x00, 0x33, 0x05, 0xc7, 0x00, 0x5a, 0x01, 0xe7, 0x00, 0x6d,
  0x02, 0xaa, 0x00, 0x66, 0x02, 0xaa, 0x00, 0x02, 0x03, 0x1d, 0x00, 0x06,
  0x04, 0xac, 0x00, 0x56, 0x02, 0x39, 0x00, 0x8b, 0x02, 0xaa, 0x00, 0x50,
  0x02, 0x39, 0x00, 0x8b, 0x02, 0x39, 0x00, 0x14, 0x04, 0x73, 0x00, 0x51,
  0x04, 0x73, 0x00, 0x81, 0x04, 0x73, 0x00, 0x47, 0x04, 0x73, 0x00, 0x2f,
  0x04, 0x73, 0x00, 0x1f, 0x04, 0x73, 0x00, 0x3f, 0x04, 0x73, 0x00, 0x4b,
  0x04, 0x73, 0x00, 0x58, 0x04, 0x73, 0x00, 0x41, 0x04, 0x73, 0x00, 0x47,
  0x02, 0xaa, 0x00, 0xc5, 0x02, 0xaa, 0x00, 0xc3, 0x04, 0xac, 0x00, 0x56,
  0x04, 0xac, 0x00, 0x55, 0x04, 0xac, 0x00, 0x56, 0x04, 0xe3, 0x00, 0x5e,
  0x07, 0xcd, 0x00, 0x75, 0x05, 0xc7, 0x00, 0x33, 0x05, 0xc7, 0x00, 0x89,
  0x05, 0xc7, 0x00, 0x54, 0x05, 0xc7, 0x00, 0x89, 0x05, 0x56, 0x00, 0x89,
  0x04, 0xe3, 0x00, 0x89, 0x06, 0x39, 0x00, 0x54, 0x05, 0xc7, 0x00, 0x89,
  0x02, 0x39, 0x00, 0x89, 0x04, 0x73, 0x00, 0x1f, 0x05, 0xc7, 0x00, 0x89,
  0x04, 0xe3, 0x00, 0x89, 0x06, 0xaa, 0x00, 0x89, 0x05, 0xc7, 0x00, 0x89,
  0x06, 0x39, 0x00, 0x54, 0x05, 0x56, 0x00, 0x89, 0x06, 0x39, 0x00, 0x54,
  0x05, 0xc7, 0x00, 0x89, 0x05, 0x56, 0x00, 0x3b, 0x04, 0xe3, 0x00, 0x17,
  0x05, 0xc7, 0x00, 0x7b, 0x05, 0x56, 0x00, 0x0e, 0x07, 0x8d, 0x00, 0x02,
  0x05, 0x56, 0x00, 0x12, 0x05, 0x56, 0x00, 0x23, 0x04, 0xe3, 0x00, 0x3d,
  0x02, 0xaa, 0x00, 0x73, 0x02, 0x39, 0x00, 0x15, 0x02, 0xaa, 0x00, 0x19,
  0x04, 0xac, 0x00, 0x2d, 0x04, 0x73, 0xff, 0xec, 0x02, 0xaa, 0x00, 0x42,
  0x04, 0x73, 0x00, 0x3c, 0x04, 0xe3, 0x00, 0x87, 0x04, 0x73, 0x00, 0x50,
  0x04, 0xe3, 0x00, 0x54, 0x04, 0x73, 0x00, 0x50, 0x02, 0xaa, 0x00, 0x23,
  0x04, 0xe3, 0x00, 0x54, 0x04, 0xe3, 0x00, 0x8f, 0x02, 0x39, 0x00, 0x8f,
  0x02, 0x39, 0xff, 0xe0, 0x04, 0x73, 0x00, 0x8f, 0x02, 0x39, 0x00, 0x8f,
  0x07, 0x1d, 0x00, 0x87, 0x04, 0xe3, 0x00, 0x87, 0x04, 0xe3, 0x00, 0x50,
  0x04, 0xe3, 0x00, 0x87, 0x04, 0xe3, 0x00, 0x54, 0x03, 0x1d, 0x00, 0x87,
  0x04, 0x73, 0x00, 0x48, 0x02, 0xaa, 0x00, 0x19, 0x04, 0xe3, 0x00, 0x7f,
  0x04, 0x73, 0x00, 0x08, 0x06, 0x39, 0xff, 0xfa, 0x04, 0x73, 0x00, 0x0e,
  0x04, 0x73, 0x00, 0x10, 0x04, 0x00, 0x00, 0x52, 0x03, 0x1d, 0x00, 0x21,
  0x02, 0x3d, 0x00, 0x9c, 0x03, 0x1d, 0x00, 0x2b, 0x04, 0xac, 0x00, 0x51,
  0x03, 0x33, 0x00, 0x5a, 0x02, 0xcd, 0x00, 0x41, 0x04, 0x73, 0x00, 0x3e,
  0x08, 0x00, 0x00, 0x00, 0x02, 0xaa, 0x00, 0x8d, 0x08, 0x00, 0x01, 0xa2,
  0x00, 0x01, 0x00, 0x00, 0x07, 0x3e, 0xfe, 0x4e, 0x00, 0x43, 0x08, 0x00,
  0xff, 0xe0, 0xff, 0xee, 0x08, 0x00, 0x08, 0x00, 0x00, 0x00, 0x00, 0x00,
  0x00, 0x00, 0x00, 0x00, 0x00, 0x00, 0x00, 0x00, 0x00, 0x00, 0x00, 0x66,
  0x00, 0x04, 0x04, 0xe0, 0x02, 0xbc, 0x00, 0x05, 0x00, 0x00, 0x05, 0x33,
  0x04, 0xcd, 0x00, 0x00, 0x00, 0x9a, 0x05, 0x33, 0x04, 0xcd, 0x00, 0x00,
  0x02, 0xcd, 0x00, 0x66, 0x02, 0x12, 0x00, 0x00, 0x02, 0x0b, 0x06, 0x04,
  0x02, 0x02, 0x02, 0x02, 0x02, 0x04, 0x80, 0x00, 0x00, 0x03, 0x00, 0x00,
  0x00, 0x20, 0x00, 0x00, 0x00, 0x00, 0x00, 0x00, 0x00, 0x00, 0x47, 0x4f,
  0x4f, 0x47, 0x00, 0xa0, 0x00, 0x20, 0x21, 0x92, 0x07, 0x3e, 0xfe, 0x4e,
  0x00, 0x43, 0x08, 0x58, 0x03, 0x1d, 0x00, 0x00, 0x00, 0x01, 0x00, 0x00,
  0x00, 0x00, 0x04, 0x3a, 0x05, 0x81, 0x00, 0x00, 0x00, 0x20, 0x00, 0x04,
  0x00, 0x00, 0x00, 0x02, 0x00, 0x00, 0x00, 0x03, 0x00, 0x00, 0x00, 0x14,
  0x00, 0x03, 0x00, 0x01, 0x00, 0x00, 0x00, 0x14, 0x00, 0x04, 0x00, 0x48,
  0x00, 0x00, 0x00, 0x0e, 0x00, 0x08, 0x00, 0x02, 0x00, 0x06, 0x00, 0x7e,
  0x00, 0xb0, 0x00, 0xb7, 0x20, 0x14, 0x20, 0x22, 0x21, 0x92, 0xff, 0xff,
  0x00, 0x00, 0x00, 0x20, 0x00, 0xb0, 0x00, 0xb7, 0x20, 0x13, 0x20, 0x22,
  0x21, 0x92, 0xff, 0xff, 0xff, 0xe1, 0xff, 0xb0, 0xff, 0xad, 0xe0, 0x4f,
  0xe0, 0x3f, 0xde, 0xd3, 0x00, 0x01, 0x00, 0x00, 0x00, 0x00, 0x00, 0x00,
  0x00, 0x00, 0x00, 0x00, 0x00, 0x00, 0x00, 0x00, 0xb0, 0x00, 0x2c, 0x20,
  0xb0, 0x00, 0x55, 0x58, 0x45, 0x59, 0x20, 0x20, 0x4b, 0xb8, 0x00, 0x0e,
  0x51, 0x4b, 0xb0, 0x06, 0x53, 0x5a, 0x58, 0xb0, 0x34, 0x1b, 0xb0, 0x28,
  0x59, 0x60, 0x66, 0x20, 0x8a, 0x55, 0x58, 0xb0, 0x02, 0x25, 0x61, 0xb9,
  0x08, 0x00, 0x08, 0x00, 0x63, 0x63, 0x23, 0x62, 0x1b, 0x21, 0x21, 0xb0,
  0x00, 0x59, 0xb0, 0x00, 0x43, 0x23, 0x44, 0xb2, 0x00, 0x01, 0x00, 0x43,
  0x60, 0x42, 0x2d, 0xb0, 0x01, 0x2c, 0xb0, 0x20, 0x60, 0x66, 0x2d, 0xb0,
  0x02, 0x2c, 0x23, 0x21, 0x23, 0x21, 0x2d, 0xb0, 0x03, 0x2c, 0x20, 0x64,
  0xb3, 0x03, 0x14, 0x15, 0x00, 0x42, 0x43, 0xb0, 0x13, 0x43, 0x20, 0x60,
  0x60, 0x42, 0xb1, 0x02, 0x14, 0x43, 0x42, 0xb1, 0x25, 0x03, 0x43, 0xb0,
  0x02, 0x43, 0x54, 0x78, 0x20, 0xb0, 0x0c, 0x23, 0xb0, 0x02, 0x43, 0x43,
  0x61, 0x64, 0xb0, 0x04, 0x50, 0x78, 0xb2, 0x02, 0x02, 0x02, 0x43, 0x60,
  0x42, 0xb0, 0x21, 0x65, 0x1c, 0x21, 0xb0, 0x02, 0x43, 0x43, 0xb2, 0x0e,
  0x15, 0x01, 0x42, 0x1c, 0x20, 0xb0, 0x02, 0x43, 0x23, 0x42, 0xb2, 0x13,
  0x01, 0x13, 0x43, 0x60, 0x42, 0x23, 0xb0, 0x00, 0x50, 0x58, 0x65, 0x59,
  0xb2, 0x16, 0x01, 0x02, 0x43, 0x60, 0x42, 0x2d, 0xb0, 0x04, 0x2c, 0xb0,
  0x03, 0x2b, 0xb0, 0x15, 0x43, 0x58, 0x23, 0x21, 0x23, 0x21, 0xb0, 0x16,
  0x43, 0x43, 0x23, 0xb0, 0x00, 0x50, 0x58, 0x65, 0x59, 0x1b, 0x20, 0x64,
  0x20, 0xb0, 0xc0, 0x50, 0xb0, 0x04, 0x26, 0x5a, 0xb2, 0x28, 0x01, 0x0d,
  0x43, 0x45, 0x63, 0x45, 0xb0, 0x06, 0x45, 0x58, 0x21, 0xb0, 0x03, 0x25,
  0x59, 0x52, 0x5b, 0x58, 0x21, 0x23, 0x21, 0x1b, 0x8a, 0x58, 0x20, 0xb0,
  0x50, 0x50, 0x58, 0x21, 0xb0, 0x40, 0x59, 0x1b, 0x20, 0xb0, 0x38, 0x50,
  0x58, 0x21, 0xb0, 0x38, 0x59, 0x59, 0x20, 0xb1, 0x01, 0x0d, 0x43, 0x45,
  0x63, 0x45, 0x61, 0x64, 0xb0, 0x28, 0x50, 0x58, 0x21, 0xb1, 0x01, 0x0d,
  0x43, 0x45, 0x63, 0x45, 0x20, 0xb0, 0x30, 0x50, 0x58, 0x21, 0xb0, 0x30,
  0x59, 0x1b, 0x20, 0xb0, 0xc0, 0x50, 0x58, 0x20, 0x66, 0x20, 0x8a, 0x8a,
  0x61, 0x20, 0xb0, 0x0a, 0x50, 0x58, 0x60, 0x1b, 0x20, 0xb0, 0x20, 0x50,
  0x58, 0x21, 0xb0, 0x0a, 0x60, 0x1b, 0x20, 0xb0, 0x36, 0x50, 0x58, 0x21,
  0xb0, 0x36, 0x60, 0x1b, 0x60, 0x59, 0x59, 0x59, 0x1b, 0xb0, 0x02, 0x25,
  0xb0, 0x0c, 0x43, 0x63, 0xb0, 0x00, 0x52, 0x58, 0xb0, 0x00, 0x4b, 0xb0,
  0x0a, 0x50, 0x58, 0x21, 0xb0, 0x0c, 0x43, 0x1b, 0x4b, 0xb0, 0x1e, 0x50,
  0x58, 0x21, 0xb0, 0x1e, 0x4b, 0x61, 0xb8, 0x10, 0x00, 0x63, 0xb0, 0x0c,
  0x43, 0x63, 0xb8, 0x05, 0x00, 0x62, 0x59, 0x59, 0x64, 0x61, 0x59, 0xb0,
  0x01, 0x2b, 0x59, 0x59, 0x23, 0xb0, 0x00, 0x50, 0x58, 0x65, 0x59, 0x59,
  0x20, 0x64, 0xb0, 0x16, 0x43, 0x23, 0x42, 0x59, 0x2d, 0xb0, 0x05, 0x2c,
  0x20, 0x45, 0x20, 0xb0, 0x04, 0x25, 0x61, 0x64, 0x20, 0xb0, 0x07, 0x43,
  0x50, 0x58, 0xb0, 0x07, 0x23, 0x42, 0xb0, 0x08, 0x23, 0x42, 0x1b, 0x21,
  0x21, 0x59, 0xb0, 0x01, 0x60, 0x2d, 0xb0, 0x06, 0x2c, 0x23, 0x21, 0x23,
  0x21, 0xb0, 0x03, 0x2b, 0x20, 0x64, 0xb1, 0x07, 0x62, 0x42, 0x20, 0xb0,
  0x08, 0x23, 0x42, 0xb0, 0x06, 0x45, 0x58, 0x1b, 0xb1, 0x01, 0x0d, 0x43,
  0x45, 0x63, 0xb1, 0x01, 0x0d, 0x43, 0xb0, 0x06, 0x60, 0x45, 0x63, 0xb0,
  0x05, 0x2a, 0x21, 0x20, 0xb0, 0x08, 0x43, 0x20, 0x8a, 0x20, 0x8a, 0xb0,
  0x01, 0x2b, 0xb1, 0x30, 0x05, 0x25, 0xb0, 0x04, 0x26, 0x51, 0x58, 0x60,
  0x50, 0x1b, 0x61, 0x52, 0x59, 0x58, 0x23, 0x59, 0x21, 0x59, 0x20, 0xb0,
  0x40, 0x53, 0x58, 0xb0, 0x01, 0x2b, 0x1b, 0x21, 0xb0, 0x40, 0x59, 0x23,
  0xb0, 0x00, 0x50, 0x58, 0x65, 0x59, 0x2d, 0xb0, 0x07, 0x2c, 0xb0, 0x09,
  0x43, 0x2b, 0xb2, 0x00, 0x02, 0x00, 0x43, 0x60, 0x42, 0x2d, 0xb0, 0x08,
  0x2c, 0xb0, 0x09, 0x23, 0x42, 0x23, 0x20, 0xb0, 0x00, 0x23, 0x42, 0x61,
  0xb0, 0x02, 0x62, 0x66, 0xb0, 0x01, 0x63, 0xb0, 0x01, 0x60, 0xb0, 0x07,
  0x2a, 0x2d, 0xb0, 0x09, 0x2c, 0x20, 0x20, 0x45, 0x20, 0xb0, 0x0e, 0x43,
  0x63, 0xb8, 0x04, 0x00, 0x62, 0x20, 0xb0, 0x00, 0x50, 0x58, 0xb0, 0x40,
  0x60, 0x59, 0x66, 0xb0, 0x01, 0x63, 0x60, 0x44, 0xb0, 0x01, 0x60, 0x2d,
  0xb0, 0x0a, 0x2c, 0xb2, 0x09, 0x0e, 0x00, 0x43, 0x45, 0x42, 0x2a, 0x21,
  0xb2, 0x00, 0x01, 0x00, 0x43, 0x60, 0x42, 0x2d, 0xb0, 0x0b, 0x2c, 0xb0,
  0x00, 0x43, 0x23, 0x44, 0xb2, 0x00, 0x01, 0x00, 0x43, 0x60, 0x42, 0x2d,
  0xb0, 0x0c, 0x2c, 0x20, 0x20, 0x45, 0x20, 0xb0, 0x01, 0x2b, 0x23, 0xb0,
  0x00, 0x43, 0xb0, 0x04, 0x25, 0x60, 0x20, 0x45, 0x8a, 0x23, 0x61, 0x20,
  0x64, 0x20, 0xb0, 0x20, 0x50, 0x58, 0x21, 0xb0, 0x00, 0x1b, 0xb0, 0x30,
  0x50, 0x58, 0xb0, 0x20, 0x1b, 0xb0, 0x40, 0x59, 0x59, 0x23, 0xb0, 0x00,
  0x50, 0x58, 0x65, 0x59, 0xb0, 0x03, 0x25, 0x23, 0x61, 0x44, 0x44, 0xb0,
  0x01, 0x60, 0x2d, 0xb0, 0x0d, 0x2c, 0x20, 0x20, 0x45, 0x20, 0xb0, 0x01,
  0x2b, 0x23, 0xb0, 0x00, 0x43, 0xb0, 0x04, 0x25, 0x60, 0x20, 0x45, 0x8a,
  0x23, 0x61, 0x20, 0x64, 0xb0, 0x24, 0x50, 0x58, 0xb0, 0x00, 0x1b, 0xb0,
  0x40, 0x59, 0x23, 0xb0, 0x00, 0x50, 0x58, 0x65, 0x59, 0xb0, 0x03, 0x25,
  0x23, 0x61, 0x44, 0x44, 0xb0, 0x01, 0x60, 0x2d, 0xb0, 0x0e, 0x2c, 0x20,
  0xb0, 0x00, 0x23, 0x42, 0xb3, 0x0d, 0x0c, 0x00, 0x03, 0x45, 0x50, 0x58,
  0x21, 0x1b, 0x23, 0x21, 0x59, 0x2a, 0x21, 0x2d, 0xb0, 0x0f, 0x2c, 0xb1,
  0x02, 0x02, 0x45, 0xb0, 0x64, 0x61, 0x44, 0x2d, 0xb0, 0x10, 0x2c, 0xb0,
  0x01, 0x60, 0x20, 0x20, 0xb0, 0x0f, 0x43, 0x4a, 0xb0, 0x00, 0x50, 0x58,
  0x20, 0xb0, 0x0f, 0x23, 0x42, 0x59, 0xb0, 0x10, 0x43, 0x4a, 0xb0, 0x00,
  0x52, 0x58, 0x20, 0xb0, 0x10, 0x23, 0x42, 0x59, 0x2d, 0xb0, 0x11, 0x2c,
  0x20, 0xb0, 0x10, 0x62, 0x66, 0xb0, 0x01, 0x63, 0x20, 0xb8, 0x04, 0x00,
  0x63, 0x8a, 0x23, 0x61, 0xb0, 0x11, 0x43, 0x60, 0x20, 0x8a, 0x60, 0x20,
  0xb0, 0x11, 0x23, 0x42, 0x23, 0x2d, 0xb0, 0x12, 0x2c, 0x4b, 0x54, 0x58,
  0xb1, 0x04, 0x64, 0x44, 0x59, 0x24, 0xb0, 0x0d, 0x65, 0x23, 0x78, 0x2d,
  0xb0, 0x13, 0x2c, 0x4b, 0x51, 0x58, 0x4b, 0x53, 0x58, 0xb1, 0x04, 0x64,
  0x44, 0x59, 0x1b, 0x21, 0x59, 0x24, 0xb0, 0x13, 0x65, 0x23, 0x78, 0x2d,
  0xb0, 0x14, 0x2c, 0xb1, 0x00, 0x12, 0x43, 0x55, 0x58, 0xb1, 0x12, 0x12,
  0x43, 0xb0, 0x01, 0x61, 0x42, 0xb0, 0x11, 0x2b, 0x59, 0xb0, 0x00, 0x43,
  0xb0, 0x02, 0x25, 0x42, 0xb1, 0x0f, 0x02, 0x25, 0x42, 0xb1, 0x10, 0x02,
  0x25, 0x42, 0xb0, 0x01, 0x16, 0x23, 0x20, 0xb0, 0x03, 0x25, 0x50, 0x58,
  0xb1, 0x01, 0x00, 0x43, 0x60, 0xb0, 0x04, 0x25, 0x42, 0x8a, 0x8a, 0x20,
  0x8a, 0x23, 0x61, 0xb0, 0x10, 0x2a, 0x21, 0x23, 0xb0, 0x01, 0x61, 0x20,
  0x8a, 0x23, 0x61, 0xb0, 0x10, 0x2a, 0x21, 0x1b, 0xb1, 0x01, 0x00, 0x43,
  0x60, 0xb0, 0x02, 0x25, 0x42, 0xb0, 0x02, 0x25, 0x61, 0xb0, 0x10, 0x2a,
  0x21, 0x59, 0xb0, 0x0f, 0x43, 0x47, 0xb0, 0x10, 0x43, 0x47, 0x60, 0xb0,
  0x02, 0x62, 0x20, 0xb0, 0x00, 0x50, 0x58, 0xb0, 0x40, 0x60, 0x59, 0x66,
  0xb0, 0x01, 0x63, 0x20, 0xb0, 0x0e, 0x43, 0x63, 0xb8, 0x04, 0x00, 0x62,
  0x20, 0xb0, 0x00, 0x50, 0x58, 0xb0, 0x40, 0x60, 0x59, 0x66, 0xb0, 0x01,
  0x63, 0x60, 0xb1, 0x00, 0x00, 0x13, 0x23, 0x44, 0xb0, 0x01, 0x43, 0xb0,
  0x00, 0x3e, 0xb2, 0x01, 0x01, 0x01, 0x43, 0x60, 0x42, 0x2d, 0xb0, 0x15,
  0x2c, 0x00, 0xb1, 0x00, 0x02, 0x45, 0x54, 0x58, 0xb0, 0x12, 0x23, 0x42,
  0x20, 0x45, 0xb0, 0x0e, 0x23, 0x42, 0xb0, 0x0d, 0x23, 0xb0, 0x06, 0x60,
  0x42, 0x20, 0x60, 0xb7, 0x18, 0x18, 0x01, 0x00, 0x11, 0x00, 0x13, 0x00,
  0x42, 0x42, 0x42, 0x8a, 0x60, 0x20, 0xb0, 0x14, 0x23, 0x42, 0xb0, 0x01,
  0x61, 0xb1, 0x14, 0x08, 0x2b, 0xb0, 0x8b, 0x2b, 0x1b, 0x22, 0x59, 0x2d,
  0xb0, 0x16, 0x2c, 0xb1, 0x00, 0x15, 0x2b, 0x2d, 0xb0, 0x17, 0x2c, 0xb1,
  0x01, 0x15, 0x2b, 0x2d, 0xb0, 0x18, 0x2c, 0xb1, 0x02, 0x15, 0x2b, 0x2d,
  0xb0, 0x19, 0x2c, 0xb1, 0x03, 0x15, 0x2b, 0x2d, 0xb0, 0x1a, 0x2c, 0xb1,
  0x04, 0x15, 0x2b, 0x2d, 0xb0, 0x1b, 0x2c, 0xb1, 0x05, 0x15, 0x2b, 0x2d,
  0xb0, 0x1c, 0x2c, 0xb1, 0x06, 0x15, 0x2b, 0x2d, 0xb0, 0x1d, 0x2c, 0xb1,
  0x07, 0x15, 0x2b, 0x2d, 0xb0, 0x1e, 0x2c, 0xb1, 0x08, 0x15, 0x2b, 0x2d,
  0xb0, 0x1f, 0x2c, 0xb1, 0x09, 0x15, 0x2b, 0x2d, 0xb0, 0x2b, 0x2c, 0x23,
  0x20, 0xb0, 0x10, 0x62, 0x66, 0xb0, 0x01, 0x63, 0xb0, 0x06, 0x60, 0x4b,
  0x54, 0x58, 0x23, 0x20, 0x2e, 0xb0, 0x01, 0x5d, 0x1b, 0x21, 0x21, 0x59,
  0x2d, 0xb0, 0x2c, 0x2c, 0x23, 0x20, 0xb0, 0x10, 0x62, 0x66, 0xb0, 0x01,
  0x63, 0xb0, 0x16, 0x60, 0x4b, 0x54, 0x58, 0x23, 0x20, 0x2e, 0xb0, 0x01,
  0x71, 0x1b, 0x21, 0x21, 0x59, 0x2d, 0xb0, 0x2d, 0x2c, 0x23, 0x20, 0xb0,
  0x10, 0x62, 0x66, 0xb0, 0x01, 0x63, 0xb0, 0x26, 0x60, 0x4b, 0x54, 0x58,
  0x23, 0x20, 0x2e, 0xb0, 0x01, 0x72, 0x1b, 0x21, 0x21, 0x59, 0x2d, 0xb0,
  0x20, 0x2c, 0x00, 0xb0, 0x0f, 0x2b, 0xb1, 0x00, 0x02, 0x45, 0x54, 0x58,
  0xb0, 0x12, 0x23, 0x42, 0x20, 0x45, 0xb0, 0x0e, 0x23, 0x42, 0xb0, 0x0d,
  0x23, 0xb0, 0x06, 0x60, 0x42, 0x20, 0x60, 0xb0, 0x01, 0x61, 0xb5, 0x18,
  0x18, 0x01, 0x00, 0x11, 0x00, 0x42, 0x42, 0x8a, 0x60, 0xb1, 0x14, 0x08,
  0x2b, 0xb0, 0x8b, 0x2b, 0x1b, 0x22, 0x59, 0x2d, 0xb0, 0x21, 0x2c, 0xb1,
  0x00, 0x20, 0x2b, 0x2d, 0xb0, 0x22, 0x2c, 0xb1, 0x01, 0x20, 0x2b, 0x2d,
  0xb0, 0x23, 0x2c, 0xb1, 0x02, 0x20, 0x2b, 0x2d, 0xb0, 0x24, 0x2c, 0xb1,
  0x03, 0x20, 0x2b, 0x2d, 0xb0, 0x25, 0x2c, 0xb1, 0x04, 0x20, 0x2b, 0x2d,
  0xb0, 0x26, 0x2c, 0xb1, 0x05, 0x20, 0x2b, 0x2d, 0xb0, 0x27, 0x2c, 0xb1,
  0x06, 0x20, 0x2b, 0x2d, 0xb0, 0x28, 0x2c, 0xb1, 0x07, 0x20, 0x2b, 0x2d,
  0xb0, 0x29, 0x2c, 0xb1, 0x08, 0x20, 0x2b, 0x2d, 0xb0, 0x2a, 0x2c, 0xb1,
  0x09, 0x20, 0x2b, 0x2d, 0xb0, 0x2e, 0x2c, 0x20, 0x3c, 0xb0, 0x01, 0x60,
  0x2d, 0xb0, 0x2f, 0x2c, 0x20, 0x60, 0xb0, 0x18, 0x60, 0x20, 0x43, 0x23,
  0xb0, 0x01, 0x60, 0x43, 0xb0, 0x02, 0x25, 0x61, 0xb0, 0x01, 0x60, 0xb0,
  0x2e, 0x2a, 0x21, 0x2d, 0xb0, 0x30, 0x2c, 0xb0, 0x2f, 0x2b, 0xb0, 0x2f,
  0x2a, 0x2d, 0xb0, 0x31, 0x2c, 0x20, 0x20, 0x47, 0x20, 0x20, 0xb0, 0x0e,
  0x43, 0x63, 0xb8, 0x04, 0x00, 0x62, 0x20, 0xb0, 0x00, 0x50, 0x58, 0xb0,
  0x40, 0x60, 0x59, 0x66, 0xb0, 0x01, 0x63, 0x60, 0x23, 0x61, 0x38, 0x23,
  0x20, 0x8a, 0x55, 0x58, 0x20, 0x47, 0x20, 0x20, 0xb0, 0x0e, 0x43, 0x63,
  0xb8, 0x04, 0x00, 0x62, 0x20, 0xb0, 0x00, 0x50, 0x58, 0xb0, 0x40, 0x60,
  0x59, 0x66, 0xb0, 0x01, 0x63, 0x60, 0x23, 0x61, 0x38, 0x1b, 0x21, 0x59,
  0x2d, 0xb0, 0x32, 0x2c, 0x00, 0xb1, 0x00, 0x02, 0x45, 0x54, 0x58, 0xb1,
  0x0e, 0x06, 0x45, 0x42, 0xb0, 0x01, 0x16, 0xb0, 0x31, 0x2a, 0xb1, 0x05,
  0x01, 0x15, 0x45, 0x58, 0x30, 0x59, 0x1b, 0x22, 0x59, 0x2d, 0xb0, 0x33,
  0x2c, 0x00, 0xb0, 0x0f, 0x2b, 0xb1, 0x00, 0x02, 0x45, 0x54, 0x58, 0xb1,
  0x0e, 0x06, 0x45, 0x42, 0xb0, 0x01, 0x16, 0xb0, 0x31, 0x2a, 0xb1, 0x05,
  0x01, 0x15, 0x45, 0x58, 0x30, 0x59, 0x1b, 0x22, 0x59, 0x2d, 0xb0, 0x34,
  0x2c, 0x20, 0x35, 0xb0, 0x01, 0x60, 0x2d, 0xb0, 0x35, 0x2c, 0x00, 0xb1,
  0x0e, 0x06, 0x45, 0x42, 0xb0, 0x01, 0x45, 0x63, 0xb8, 0x04, 0x00, 0x62,
  0x20, 0xb0, 0x00, 0x50, 0x58, 0xb0, 0x40, 0x60, 0x59, 0x66, 0xb0, 0x01,
  0x63, 0xb0, 0x01, 0x2b, 0xb0, 0x0e, 0x43, 0x63, 0xb8, 0x04, 0x00, 0x62,
  0x20, 0xb0, 0x00, 0x50, 0x58, 0xb0, 0x40, 0x60, 0x59, 0x66, 0xb0, 0x01,
  0x63, 0xb0, 0x01, 0x2b, 0xb0, 0x00, 0x16, 0xb4, 0x00, 0x00, 0x00, 0x00,
  0x00, 0x44, 0x3e, 0x23, 0x38, 0xb1, 0x34, 0x01, 0x15, 0x2a, 0x21, 0x2d,
  0xb0, 0x36, 0x2c, 0x20, 0x3c, 0x20, 0x47, 0x20, 0xb0, 0x0e, 0x43, 0x63,
  0xb8, 0x04, 0x00, 0x62, 0x20, 0xb0, 0x00, 0x50, 0x58, 0xb0, 0x40, 0x60,
  0x59, 0x66, 0xb0, 0x01, 0x63, 0x60, 0xb0, 0x00, 0x43, 0x61, 0x38, 0x2d,
  0xb0, 0x37, 0x2c, 0x2e, 0x17, 0x3c, 0x2d, 0xb0, 0x38, 0x2c, 0x20, 0x3c,
  0x20, 0x47, 0x20, 0xb0, 0x0e, 0x43, 0x63, 0xb8, 0x04, 0x00, 0x62, 0x20,
  0xb0, 0x00, 0x50, 0x58, 0xb0, 0x40, 0x60, 0x59, 0x66, 0xb0, 0x01, 0x63,
  0x60, 0xb0, 0x00, 0x43, 0x61, 0xb0, 0x01, 0x43, 0x63, 0x38, 0x2d, 0xb0,
  0x39, 0x2c, 0xb1, 0x02, 0x00, 0x16, 0x25, 0x20, 0x2e, 0x20, 0x47, 0xb0,
  0x00, 0x23, 0x42, 0xb0, 0x02, 0x25, 0x49, 0x8a, 0x8a, 0x47, 0x23, 0x47,
  0x23, 0x61, 0x20, 0x58, 0x62, 0x1b, 0x21, 0x59, 0xb0, 0x01, 0x23, 0x42,
  0xb2, 0x38, 0x01, 0x01, 0x15, 0x14, 0x2a, 0x2d, 0xb0, 0x3a, 0x2c, 0xb0,
  0x00, 0x16, 0xb0, 0x17, 0x23, 0x42, 0xb0, 0x04, 0x25, 0xb0, 0x04, 0x25,
  0x47, 0x23, 0x47, 0x23, 0x61, 0xb1, 0x0c, 0x00, 0x42, 0xb0, 0x0b, 0x43,
  0x2b, 0x65, 0x8a, 0x2e, 0x23, 0x20, 0x20, 0x3c, 0x8a, 0x38, 0x2d, 0xb0,
  0x3b, 0x2c, 0xb0, 0x00, 0x16, 0xb0, 0x17, 0x23, 0x42, 0xb0, 0x04, 0x25,
  0xb0, 0x04, 0x25, 0x20, 0x2e, 0x47, 0x23, 0x47, 0x23, 0x61, 0x20, 0xb0,
  0x06, 0x23, 0x42, 0xb1, 0x0c, 0x00, 0x42, 0xb0, 0x0b, 0x43, 0x2b, 0x20,
  0xb0, 0x60, 0x50, 0x58, 0x20, 0xb0, 0x40, 0x51, 0x58, 0xb3, 0x04, 0x20,
  0x05, 0x20, 0x1b, 0xb3, 0x04, 0x26, 0x05, 0x1a, 0x59, 0x42, 0x42, 0x23,
  0x20, 0xb0, 0x0a, 0x43, 0x20, 0x8a, 0x23, 0x47, 0x23, 0x47, 0x23, 0x61,
  0x23, 0x46, 0x60, 0xb0, 0x06, 0x43, 0xb0, 0x02, 0x62, 0x20, 0xb0, 0x00,
  0x50, 0x58, 0xb0, 0x40, 0x60, 0x59, 0x66, 0xb0, 0x01, 0x63, 0x60, 0x20,
  0xb0, 0x01, 0x2b, 0x20, 0x8a, 0x8a, 0x61, 0x20, 0xb0, 0x04, 0x43, 0x60,
  0x64, 0x23, 0xb0, 0x05, 0x43, 0x61, 0x64, 0x50, 0x58, 0xb0, 0x04, 0x43,
  0x61, 0x1b, 0xb0, 0x05, 0x43, 0x60, 0x59, 0xb0, 0x03, 0x25, 0xb0, 0x02,
  0x62, 0x20, 0xb0, 0x00, 0x50, 0x58, 0xb0, 0x40, 0x60, 0x59, 0x66, 0xb0,
  0x01, 0x63, 0x61, 0x23, 0x20, 0x20, 0xb0, 0x04, 0x26, 0x23, 0x46, 0x61,
  0x38, 0x1b, 0x23, 0xb0, 0x0a, 0x43, 0x46, 0xb0, 0x02, 0x25, 0xb0, 0x0a,
  0x43, 0x47, 0x23, 0x47, 0x23, 0x61, 0x60, 0x20, 0xb0, 0x06, 0x43, 0xb0,
  0x02, 0x62, 0x20, 0xb0, 0x00, 0x50, 0x58, 0xb0, 0x40, 0x60, 0x59, 0x66,
  0xb0, 0x01, 0x63, 0x60, 0x23, 0x20, 0xb0, 0x01, 0x2b, 0x23, 0xb0, 0x06,
  0x43, 0x60, 0xb0, 0x01, 0x2b, 0xb0, 0x05, 0x25, 0x61, 0xb0, 0x05, 0x25,
  0xb0, 0x02, 0x62, 0x20, 0xb0, 0x00, 0x50, 0x58, 0xb0, 0x40, 0x60, 0x59,
  0x66, 0xb0, 0x01, 0x63, 0xb0, 0x04, 0x26, 0x61, 0x20, 0xb0, 0x04, 0x25,
  0x60, 0x64, 0x23, 0xb0, 0x03, 0x25, 0x60, 0x64, 0x50, 0x58, 0x21, 0x1b,
  0x23, 0x21, 0x59, 0x23, 0x20, 0x20, 0xb0, 0x04, 0x26, 0x23, 0x46, 0x61,
  0x38, 0x59, 0x2d, 0xb0, 0x3c, 0x2c, 0xb0, 0x00, 0x16, 0xb0, 0x17, 0x23,
  0x42, 0x20, 0x20, 0x20, 0xb0, 0x05, 0x26, 0x20, 0x2e, 0x47, 0x23, 0x47,
  0x23, 0x61, 0x23, 0x3c, 0x38, 0x2d, 0xb0, 0x3d, 0x2c, 0xb0, 0x00, 0x16,
  0xb0, 0x17, 0x23, 0x42, 0x20, 0xb0, 0x0a, 0x23, 0x42, 0x20, 0x20, 0x20,
  0x46, 0x23, 0x47, 0xb0, 0x01, 0x2b, 0x23, 0x61, 0x38, 0x2d, 0xb0, 0x3e,
  0x2c, 0xb0, 0x00, 0x16, 0xb0, 0x17, 0x23, 0x42, 0xb0, 0x03, 0x25, 0xb0,
  0x02, 0x25, 0x47, 0x23, 0x47, 0x23, 0x61, 0xb0, 0x00, 0x54, 0x58, 0x2e,
  0x20, 0x3c, 0x23, 0x21, 0x1b, 0xb0, 0x02, 0x25, 0xb0, 0x02, 0x25, 0x47,
  0x23, 0x47, 0x23, 0x61, 0x20, 0xb0, 0x05, 0x25, 0xb0, 0x04, 0x25, 0x47,
  0x23, 0x47, 0x23, 0x61, 0xb0, 0x06, 0x25, 0xb0, 0x05, 0x25, 0x49, 0xb0,
  0x02, 0x25, 0x61, 0xb9, 0x08, 0x00, 0x08, 0x00, 0x63, 0x63, 0x23, 0x20,
  0x58, 0x62, 0x1b, 0x21, 0x59, 0x63, 0xb8, 0x04, 0x00, 0x62, 0x20, 0xb0,
  0x00, 0x50, 0x58, 0xb0, 0x40, 0x60, 0x59, 0x66, 0xb0, 0x01, 0x63, 0x60,
  0x23, 0x2e, 0x23, 0x20, 0x20, 0x3c, 0x8a, 0x38, 0x23, 0x21, 0x59, 0x2d,
  0xb0, 0x3f, 0x2c, 0xb0, 0x00, 0x16, 0xb0, 0x17, 0x23, 0x42, 0x20, 0xb0,
  0x0a, 0x43, 0x20, 0x2e, 0x47, 0x23, 0x47, 0x23, 0x61, 0x20, 0x60, 0xb0,
  0x20, 0x60, 0x66, 0xb0, 0x02, 0x62, 0x20, 0xb0, 0x00, 0x50, 0x58, 0xb0,
  0x40, 0x60, 0x59, 0x66, 0xb0, 0x01, 0x63, 0x23, 0x20, 0x20, 0x3c, 0x8a,
  0x38, 0x2d, 0xb0, 0x40, 0x2c, 0x23, 0x20, 0x2e, 0x46, 0xb0, 0x02, 0x25,
  0x46, 0xb0, 0x17, 0x43, 0x58, 0x50, 0x1b, 0x52, 0x59, 0x58, 0x20, 0x3c,
  0x59, 0x2e, 0xb1, 0x30, 0x01, 0x14, 0x2b, 0x2d, 0xb0, 0x41, 0x2c, 0x23,
  0x20, 0x2e, 0x46, 0xb0, 0x02, 0x25, 0x46, 0xb0, 0x17, 0x43, 0x58, 0x52,
  0x1b, 0x50, 0x59, 0x58, 0x20, 0x3c, 0x59, 0x2e, 0xb1, 0x30, 0x01, 0x14,
  0x2b, 0x2d, 0xb0, 0x42, 0x2c, 0x23, 0x20, 0x2e, 0x46, 0xb0, 0x02, 0x25,
  0x46, 0xb0, 0x17, 0x43, 0x58, 0x50, 0x1b, 0x52, 0x59, 0x58, 0x20, 0x3c,
  0x59, 0x23, 0x20, 0x2e, 0x46, 0xb0, 0x02, 0x25, 0x46, 0xb0, 0x17, 0x43,
  0x58, 0x52, 0x1b, 0x50, 0x59, 0x58, 0x20, 0x3c, 0x59, 0x2e, 0xb1, 0x30,
  0x01, 0x14, 0x2b, 0x2d, 0xb0, 0x43, 0x2c, 0xb0, 0x3a, 0x2b, 0x23, 0x20,
  0x2e, 0x46, 0xb0, 0x02, 0x25, 0x46, 0xb0, 0x17, 0x43, 0x58, 0x50, 0x1b,
  0x52, 0x59, 0x58, 0x20, 0x3c, 0x59, 0x2e, 0xb1, 0x30, 0x01, 0x14, 0x2b,
  0x2d, 0xb0, 0x44, 0x2c, 0xb0, 0x3b, 0x2b, 0x8a, 0x20, 0x20, 0x3c, 0xb0,
  0x06, 0x23, 0x42, 0x8a, 0x38, 0x23, 0x20, 0x2e, 0x46, 0xb0, 0x02, 0x25,
  0x46, 0xb0, 0x17, 0x43, 0x58, 0x50, 0x1b, 0x52, 0x59, 0x58, 0x20, 0x3c,
  0x59, 0x2e, 0xb1, 0x30, 0x01, 0x14, 0x2b, 0xb0, 0x06, 0x43, 0x2e, 0xb0,
  0x30, 0x2b, 0x2d, 0xb0, 0x45, 0x2c, 0xb0, 0x00, 0x16, 0xb0, 0x04, 0x25,
  0xb0, 0x04, 0x26, 0x20, 0x20, 0x20, 0x46, 0x23, 0x47, 0x61, 0xb0, 0x0c,
  0x23, 0x42, 0x2e, 0x47, 0x23, 0x47, 0x23, 0x61, 0xb0, 0x0b, 0x43, 0x2b,
  0x23, 0x20, 0x3c, 0x20, 0x2e, 0x23, 0x38, 0xb1, 0x30, 0x01, 0x14, 0x2b,
  0x2d, 0xb0, 0x46, 0x2c, 0xb1, 0x0a, 0x04, 0x25, 0x42, 0xb0, 0x00, 0x16,
  0xb0, 0x04, 0x25, 0xb0, 0x04, 0x25, 0x20, 0x2e, 0x47, 0x23, 0x47, 0x23,
  0x61, 0x20, 0xb0, 0x06, 0x23, 0x42, 0xb1, 0x0c, 0x00, 0x42, 0xb0, 0x0b,
  0x43, 0x2b, 0x20, 0xb0, 0x60, 0x50, 0x58, 0x20, 0xb0, 0x40, 0x51, 0x58,
  0xb3, 0x04, 0x20, 0x05, 0x20, 0x1b, 0xb3, 0x04, 0x26, 0x05, 0x1a, 0x59,
  0x42, 0x42, 0x23, 0x20, 0x47, 0xb0, 0x06, 0x43, 0xb0, 0x02, 0x62, 0x20,
  0xb0, 0x00, 0x50, 0x58, 0xb0, 0x40, 0x60, 0x59, 0x66, 0xb0, 0x01, 0x63,
  0x60, 0x20, 0xb0, 0x01, 0x2b, 0x20, 0x8a, 0x8a, 0x61, 0x20, 0xb0, 0x04,
  0x43, 0x60, 0x64, 0x23, 0xb0, 0x05, 0x43, 0x61, 0x64, 0x50, 0x58, 0xb0,
  0x04, 0x43, 0x61, 0x1b, 0xb0, 0x05, 0x43, 0x60, 0x59, 0xb0, 0x03, 0x25,
  0xb0, 0x02, 0x62, 0x20, 0xb0, 0x00, 0x50, 0x58, 0xb0, 0x40, 0x60, 0x59,
  0x66, 0xb0, 0x01, 0x63, 0x61, 0xb0, 0x02, 0x25, 0x46, 0x61, 0x38, 0x23,
  0x20, 0x3c, 0x23, 0x38, 0x1b, 0x21, 0x20, 0x20, 0x46, 0x23, 0x47, 0xb0,
  0x01, 0x2b, 0x23, 0x61, 0x38, 0x21, 0x59, 0xb1, 0x30, 0x01, 0x14, 0x2b,
  0x2d, 0xb0, 0x47, 0x2c, 0xb1, 0x00, 0x3a, 0x2b, 0x2e, 0xb1, 0x30, 0x01,
  0x14, 0x2b, 0x2d, 0xb0, 0x48, 0x2c, 0xb1, 0x00, 0x3b, 0x2b, 0x21, 0x23,
  0x20, 0x20, 0x3c, 0xb0, 0x06, 0x23, 0x42, 0x23, 0x38, 0xb1, 0x30, 0x01,
  0x14, 0x2b, 0xb0, 0x06, 0x43, 0x2e, 0xb0, 0x30, 0x2b, 0x2d, 0xb0, 0x49,
  0x2c, 0xb0, 0x00, 0x15, 0x20, 0x47, 0xb0, 0x00, 0x23, 0x42, 0xb2, 0x00,
  0x01, 0x01, 0x15, 0x14, 0x13, 0x2e, 0xb0, 0x36, 0x2a, 0x2d, 0xb0, 0x4a,
  0x2c, 0xb0, 0x00, 0x15, 0x20, 0x47, 0xb0, 0x00, 0x23, 0x42, 0xb2, 0x00,
  0x01, 0x01, 0x15, 0x14, 0x13, 0x2e, 0xb0, 0x36, 0x2a, 0x2d, 0xb0, 0x4b,
  0x2c, 0xb1, 0x00, 0x01, 0x14, 0x13, 0xb0, 0x37, 0x2a, 0x2d, 0xb0, 0x4c,
  0x2c, 0xb0, 0x39, 0x2a, 0x2d, 0xb0, 0x4d, 0x2c, 0xb0, 0x00, 0x16, 0x45,
  0x23, 0x20, 0x2e, 0x20, 0x46, 0x8a, 0x23, 0x61, 0x38, 0xb1, 0x30, 0x01,
  0x14, 0x2b, 0x2d, 0xb0, 0x4e, 0x2c, 0xb0, 0x0a, 0x23, 0x42, 0xb0, 0x4d,
  0x2b, 0x2d, 0xb0, 0x4f, 0x2c, 0xb2, 0x00, 0x00, 0x46, 0x2b, 0x2d, 0xb0,
  0x50, 0x2c, 0xb2, 0x00, 0x01, 0x46, 0x2b, 0x2d, 0xb0, 0x51, 0x2c, 0xb2,
  0x01, 0x00, 0x46, 0x2b, 0x2d, 0xb0, 0x52, 0x2c, 0xb2, 0x01, 0x01, 0x46,
  0x2b, 0x2d, 0xb0, 0x53, 0x2c, 0xb2, 0x00, 0x00, 0x47, 0x2b, 0x2d, 0xb0,
  0x54, 0x2c, 0xb2, 0x00, 0x01, 0x47, 0x2b, 0x2d, 0xb0, 0x55, 0x2c, 0xb2,
  0x01, 0x00, 0x47, 0x2b, 0x2d, 0xb0, 0x56, 0x2c, 0xb2, 0x01, 0x01, 0x47,
  0x2b, 0x2d, 0xb0, 0x57, 0x2c, 0xb3, 0x00, 0x00, 0x00, 0x43, 0x2b, 0x2d,
  0xb0, 0x58, 0x2c, 0xb3, 0x00, 0x01, 0x00, 0x43, 0x2b, 0x2d, 0xb0, 0x59,
  0x2c, 0xb3, 0x01, 0x00, 0x00, 0x43, 0x2b, 0x2d, 0xb0, 0x5a, 0x2c, 0xb3,
  0x01, 0x01, 0x00, 0x43, 0x2b, 0x2d, 0xb0, 0x5b, 0x2c, 0xb3, 0x00, 0x00,
  0x01, 0x43, 0x2b, 0x2d, 0xb0, 0x5c, 0x2c, 0xb3, 0x00, 0x01, 0x01, 0x43,
  0x2b, 0x2d, 0xb0, 0x5d, 0x2c, 0xb3, 0x01, 0x00, 0x01, 0x43, 0x2b, 0x2d,
  0xb0, 0x5e, 0x2c, 0xb3, 0x01, 0x01, 0x01, 0x43, 0x2b, 0x2d, 0xb0, 0x5f,
  0x2c, 0xb2, 0x00, 0x00, 0x45, 0x2b, 0x2d, 0xb0, 0x60, 0x2c, 0xb2, 0x00,
  0x01, 0x45, 0x2b, 0x2d, 0xb0, 0x61, 0x2c, 0xb2, 0x01, 0x00, 0x45, 0x2b,
  0x2d, 0xb0, 0x62, 0x2c, 0xb2, 0x01, 0x01, 0x45, 0x2b, 0x2d, 0xb0, 0x63,
  0x2c, 0xb2, 0x00, 0x00, 0x48, 0x2b, 0x2d, 0xb0, 0x64, 0x2c, 0xb2, 0x00,
  0x01, 0x48, 0x2b, 0x2d, 0xb0, 0x65, 0x2c, 0xb2, 0x01, 0x00, 0x48, 0x2b,
  0x2d, 0xb0, 0x66, 0x2c, 0xb2, 0x01, 0x01, 0x48, 0x2b, 0x2d, 0xb0, 0x67,
  0x2c, 0xb3, 0x00, 0x00, 0x00, 0x44, 0x2b, 0x2d, 0xb0, 0x68, 0x2c, 0xb3,
  0x00, 0x01, 0x00, 0x44, 0x2b, 0x2d, 0xb0, 0x69, 0x2c, 0xb3, 0x01, 0x00,
  0x00, 0x44, 0x2b, 0x2d, 0xb0, 0x6a, 0x2c, 0xb3, 0x01, 0x01, 0x00, 0x44,
  0x2b, 0x2d, 0xb0, 0x6b, 0x2c, 0xb3, 0x00, 0x00, 0x01, 0x44, 0x2b, 0x2d,
  0xb0, 0x6c, 0x2c, 0xb3, 0x00, 0x01, 0x01, 0x44, 0x2b, 0x2d, 0xb0, 0x6d,
  0x2c, 0xb3, 0x01, 0x00, 0x01, 0x44, 0x2b, 0x2d, 0xb0, 0x6e, 0x2c, 0xb3,
  0x01, 0x01, 0x01, 0x44, 0x2b, 0x2d, 0xb0, 0x6f, 0x2c, 0xb1, 0x00, 0x3c,
  0x2b, 0x2e, 0xb1, 0x30, 0x01, 0x14, 0x2b, 0x2d, 0xb0, 0x70, 0x2c, 0xb1,
  0x00, 0x3c, 0x2b, 0xb0, 0x40, 0x2b, 0x2d, 0xb0, 0x71, 0x2c, 0xb1, 0x00,
  0x3c, 0x2b, 0xb0, 0x41, 0x2b, 0x2d, 0xb0, 0x72, 0x2c, 0xb0, 0x00, 0x16,
  0xb1, 0x00, 0x3c, 0x2b, 0xb0, 0x42, 0x2b, 0x2d, 0xb0, 0x73, 0x2c, 0xb1,
  0x01, 0x3c, 0x2b, 0xb0, 0x40, 0x2b, 0x2d, 0xb0, 0x74, 0x2c, 0xb1, 0x01,
  0x3c, 0x2b, 0xb0, 0x41, 0x2b, 0x2d, 0xb0, 0x75, 0x2c, 0xb0, 0x00, 0x16,
  0xb1, 0x01, 0x3c, 0x2b, 0xb0, 0x42, 0x2b, 0x2d, 0xb0, 0x76, 0x2c, 0xb1,
  0x00, 0x3d, 0x2b, 0x2e, 0xb1, 0x30, 0x01, 0x14, 0x2b, 0x2d, 0xb0, 0x77,
  0x2c, 0xb1, 0x00, 0x3d, 0x2b, 0xb0, 0x40, 0x2b, 0x2d, 0xb0, 0x78, 0x2c,
  0xb1, 0x00, 0x3d, 0x2b, 0xb0, 0x41, 0x2b, 0x2d, 0xb0, 0x79, 0x2c, 0xb1,
  0x00, 0x3d, 0x2b, 0xb0, 0x42, 0x2b, 0x2d, 0xb0, 0x7a, 0x2c, 0xb1, 0x01,
  0x3d, 0x2b, 0xb0, 0x40, 0x2b, 0x2d, 0xb0, 0x7b, 0x2c, 0xb1, 0x01, 0x3d,
  0x2b, 0xb0, 0x41, 0x2b, 0x2d, 0xb0, 0x7c, 0x2c, 0xb1, 0x01, 0x3d, 0x2b,
  0xb0, 0x42, 0x2b, 0x2d, 0xb0, 0x7d, 0x2c, 0xb1, 0x00, 0x3e, 0x2b, 0x2e,
  0xb1, 0x30, 0x01, 0x14, 0x2b, 0x2d, 0xb0, 0x7e, 0x2c, 0xb1, 0x00, 0x3e,
  0x2b, 0xb0, 0x40, 0x2b, 0x2d, 0xb0, 0x7f, 0x2c, 0xb1, 0x00, 0x3e, 0x2b,
  0xb0, 0x41, 0x2b, 0x2d, 0xb0, 0x80, 0x2c, 0xb1, 0x00, 0x3e, 0x2b, 0xb0,
  0x42, 0x2b, 0x2d, 0xb0, 0x81, 0x2c, 0xb1, 0x01, 0x3e, 0x2b, 0xb0, 0x40,
  0x2b, 0x2d, 0xb0, 0x82, 0x2c, 0xb1, 0x01, 0x3e, 0x2b, 0xb0, 0x41, 0x2b,
  0x2d, 0xb0, 0x83, 0x2c, 0xb1, 0x01, 0x3e, 0x2b, 0xb0, 0x42, 0x2b, 0x2d,
  0xb0, 0x84, 0x2c, 0xb1, 0x00, 0x3f, 0x2b, 0x2e, 0xb1, 0x30, 0x01, 0x14,
  0x2b, 0x2d, 0xb0, 0x85, 0x2c, 0xb1, 0x00, 0x3f, 0x2b, 0xb0, 0x40, 0x2b,
  0x2d, 0xb0, 0x86, 0x2c, 0xb1, 0x00, 0x3f, 0x2b, 0xb0, 0x41, 0x2b, 0x2d,
  0xb0, 0x87, 0x2c, 0xb1, 0x00, 0x3f, 0x2b, 0xb0, 0x42, 0x2b, 0x2d, 0xb0,
  0x88, 0x2c, 0xb1, 0x01, 0x3f, 0x2b, 0xb0, 0x40, 0x2b, 0x2d, 0xb0, 0x89,
  0x2c, 0xb1, 0x01, 0x3f, 0x2b, 0xb0, 0x41, 0x2b, 0x2d, 0xb0, 0x8a, 0x2c,
  0xb1, 0x01, 0x3f, 0x2b, 0xb0, 0x42, 0x2b, 0x2d, 0xb0, 0x8b, 0x2c, 0xb2,
  0x0b, 0x00, 0x03, 0x45, 0x50, 0x58, 0xb0, 0x06, 0x1b, 0xb2, 0x04, 0x02,
  0x03, 0x45, 0x58, 0x23, 0x21, 0x1b, 0x21, 0x59, 0x59, 0x42, 0x2b, 0xb0,
  0x08, 0x65, 0xb0, 0x03, 0x24, 0x50, 0x78, 0xb1, 0x05, 0x01, 0x15, 0x45,
  0x58, 0x30, 0x59, 0x2d, 0x00, 0x4b, 0xb8, 0x00, 0xc8, 0x52, 0x58, 0xb1,
  0x01, 0x01, 0x8e, 0x59, 0xb0, 0x01, 0xb9, 0x08, 0x00, 0x08, 0x00, 0x63,
  0x70, 0xb1, 0x00, 0x07, 0x42, 0xb7, 0x6e, 0x5e, 0x4e, 0x00, 0x34, 0x24,
  0x06, 0x00, 0x2a, 0xb1, 0x00, 0x07, 0x42, 0x40, 0x0e, 0x63, 0x08, 0x53,
  0x08, 0x43, 0x08, 0x39, 0x05, 0x29, 0x08, 0x1b, 0x07, 0x06, 0x0a, 0x2a,
  0xb1, 0x00, 0x07, 0x42, 0x40, 0x0e, 0x6b, 0x06, 0x5b, 0x06, 0x4b, 0x06,
  0x3e, 0x03, 0x31, 0x06, 0x22, 0x05, 0x06, 0x0a, 0x2a, 0xb1, 0x00, 0x0d,
  0x42, 0xbf, 0x19, 0x00, 0x15, 0x00, 0x11, 0x00, 0x0e, 0x80, 0x0a, 0x80,
  0x07, 0x00, 0x00, 0x06, 0x00, 0x0b, 0x2a, 0xb1, 0x00, 0x13, 0x42, 0xbf,
  0x00, 0x40, 0x00, 0x40, 0x00, 0x40, 0x00, 0x40, 0x00, 0x40, 0x00, 0x40,
  0x00, 0x06, 0x00, 0x0b, 0x2a, 0xb9, 0x00, 0x03, 0x00, 0x00, 0x44, 0xb1,
  0x24, 0x01, 0x88, 0x51, 0x58, 0xb0, 0x40, 0x88, 0x58, 0xb9, 0x00, 0x03,
  0x00, 0x64, 0x44, 0xb1, 0x28, 0x01, 0x88, 0x51, 0x58, 0xb8, 0x08, 0x00,
  0x88, 0x58, 0xb9, 0x00, 0x03, 0x00, 0x00, 0x44, 0x59, 0x1b, 0xb1, 0x27,
  0x01, 0x88, 0x51, 0x58, 0xba, 0x08, 0x80, 0x00, 0x01, 0x04, 0x40, 0x88,
  0x63, 0x54, 0x58, 0xb9, 0x00, 0x03, 0x00, 0x00, 0x44, 0x59, 0x59, 0x59,
  0x59, 0x59, 0x40, 0x0e, 0x65, 0x06, 0x55, 0x06, 0x45, 0x06, 0x3b, 0x03,
  0x2b, 0x06, 0x1d, 0x05, 0x06, 0x0e, 0x2a, 0xb8, 0x01, 0xff, 0x85, 0xb0,
  0x04, 0x8d, 0xb1, 0x02, 0x00, 0x44, 0xb3, 0x05, 0x64, 0x06, 0x00, 0x44,
  0x44, 0x00, 0x00, 0x00, 0x00, 0x00, 0x00, 0x00, 0x00, 0x00, 0x00, 0x00,
  0x00, 0x00, 0x00, 0x00, 0x00, 0x00, 0x00, 0x00, 0x00, 0x00, 0x00, 0x00,
  0x00, 0x00, 0x00, 0x00, 0x00, 0x00, 0x00, 0x00, 0x00, 0x00, 0x00, 0x00,
  0x00, 0x00, 0x00, 0x00, 0x00, 0x00, 0x00, 0x00, 0x00, 0x00, 0x00, 0x00,
  0x00, 0x00, 0x00, 0x00, 0x00, 0x00, 0x01, 0x26, 0x01, 0x26, 0x00, 0xc0,
  0x00, 0xc0, 0x05, 0x81, 0x00, 0x00, 0x04, 0x3a, 0x00, 0x00, 0xfe, 0x57,
  0x05, 0x96, 0xff, 0xec, 0x04, 0x4e, 0xff, 0xec, 0xfe, 0x57, 0x01, 0x26,
  0x01, 0x26, 0x00, 0xc0, 0x00, 0xc0, 0x05, 0x81, 0x00, 0x00, 0x05, 0xcc,
  0x04, 0x3a, 0x00, 0x00, 0xfe, 0x58, 0x05, 0x96, 0xff, 0xec, 0x05, 0xcc,
  0x04, 0x4e, 0xff, 0xec, 0xfe, 0x58, 0x01, 0x0e, 0x01, 0x0e, 0x00, 0xf2,
  0x00, 0xf2, 0x04, 0xd9, 0x00, 0x00, 0xfe, 0x7f, 0x04, 0xd9, 0xff, 0xec,
  0xfe, 0x7f, 0x01, 0x26, 0x01, 0x26, 0x00, 0xc0, 0x00, 0xc0, 0x05, 0x81,
  0x00, 0x00, 0x05, 0xcc, 0x04, 0x3a, 0x00, 0x00, 0xfe, 0x57, 0x05, 0x96,
  0xff, 0xec, 0x05, 0xcc, 0x04, 0x4e, 0xff, 0xec, 0xfe, 0x57, 0x00, 0xc7,
  0x00, 0xc7, 0x00, 0x88, 0x00, 0x88, 0x01, 0xdf, 0xff, 0x14, 0x03, 0x8d,
  0x02, 0x72, 0xff, 0x78, 0xfe, 0x4d, 0x01, 0xf0, 0xff, 0x0a, 0x03, 0x8d,
  0x02, 0x81, 0xff, 0x69, 0xfe, 0x4d, 0x00, 0xc7, 0x00, 0xc7, 0x00, 0x88,
  0x00, 0x88, 0x05, 0xae, 0x02, 0xb6, 0x06, 0x00, 0x04, 0xe4, 0x01, 0xea,
  0x00, 0xbe, 0x05, 0xae, 0x02, 0xac, 0x06, 0x00, 0x04, 0xf3, 0x01, 0xdb,
  0x00, 0xbd, 0x00, 0x00, 0x00, 0x00, 0x00, 0x07, 0x00, 0x5a, 0x00, 0x03,
  0x00, 0x01, 0x04, 0x09, 0x00, 0x00, 0x00, 0x9e, 0x00, 0x00, 0x00, 0x03,
  0x00, 0x01, 0x04, 0x09, 0x00, 0x01, 0x00, 0x0a, 0x00, 0x9e, 0x00, 0x03,
  0x00, 0x01, 0x04, 0x09, 0x00, 0x02, 0x00, 0x08, 0x00, 0xa8, 0x00, 0x03,
  0x00, 0x01, 0x04, 0x09, 0x00, 0x03, 0x00, 0x28, 0x00, 0xb0, 0x00, 0x03,
  0x00, 0x01, 0x04, 0x09, 0x00, 0x04, 0x00, 0x14, 0x00, 0xd8, 0x00, 0x03,
  0x00, 0x01, 0x04, 0x09, 0x00, 0x05, 0x00, 0x54, 0x00, 0xec, 0x00, 0x03,
  0x00, 0x01, 0x04, 0x09, 0x00, 0x06, 0x00, 0x14, 0x01, 0x40, 0x00, 0x43,
  0x00, 0x6f, 0x00, 0x70, 0x00, 0x79, 0x00, 0x72, 0x00, 0x69, 0x00, 0x67,
  0x00, 0x68, 0x00, 0x74, 0x00, 0x20, 0x00, 0x32, 0x00, 0x30, 0x00, 0x32,
  0x00, 0x30, 0x00, 0x20, 0x00, 0x54, 0x00, 0x68, 0x00, 0x65, 0x00, 0x20,
  0x00, 0x41, 0x00, 0x72, 0x00, 0x69, 0x00, 0x6d, 0x00, 0x6f, 0x00, 0x20,
  0x00, 0x50, 0x00, 0x72, 0x00, 0x6f, 0x00, 0x6a, 0x00, 0x65, 0x00, 0x63,
  0x00, 0x74, 0x00, 0x20, 0x00, 0x41, 0x00, 0x75, 0x00, 0x74, 0x00, 0x68,
  0x00, 0x6f, 0x00, 0x72, 0x00, 0x73, 0x00, 0x20, 0x00, 0x28, 0x00, 0x68,
  0x00, 0x74, 0x00, 0x74, 0x00, 0x70, 0x00, 0x73, 0x00, 0x3a, 0x00, 0x2f,
  0x00, 0x2f, 0x00, 0x67, 0x00, 0x69, 0x00, 0x74, 0x00, 0x68, 0x00, 0x75,
  0x00, 0x62, 0x00, 0x2e, 0x00, 0x63, 0x00, 0x6f, 0x00, 0x6d, 0x00, 0x2f,
  0x00, 0x67, 0x00, 0x6f, 0x00, 0x6f, 0x00, 0x67, 0x00, 0x6c, 0x00, 0x65,
  0x00, 0x66, 0x00, 0x6f, 0x00, 0x6e, 0x00, 0x74, 0x00, 0x73, 0x00, 0x2f,
  0x00, 0x61, 0x00, 0x72, 0x00, 0x69, 0x00, 0x6d, 0x00, 0x6f, 0x00, 0x29,
  0x00, 0x41, 0x00, 0x72, 0x00, 0x69, 0x00, 0x6d, 0x00, 0x6f, 0x00, 0x42,
  0x00, 0x6f, 0x00, 0x6c, 0x00, 0x64, 0x00, 0x31, 0x00, 0x2e, 0x00, 0x33,
  0x00, 0x33, 0x00, 0x3b, 0x00, 0x47, 0x00, 0x4f, 0x00, 0x4f, 0x00, 0x47,
  0x00, 0x3b, 0x00, 0x41, 0x00, 0x72, 0x00, 0x69, 0x00, 0x6d, 0x00, 0x6f,
  0x00, 0x2d, 0x00, 0x42, 0x00, 0x6f, 0x00, 0x6c, 0x00, 0x64, 0x00, 0x41,
  0x00, 0x72, 0x00, 0x69, 0x00, 0x6d, 0x00, 0x6f, 0x00, 0x20, 0x00, 0x42,
  0x00, 0x6f, 0x00, 0x6c, 0x00, 0x64, 0x00, 0x56, 0x00, 0x65, 0x00, 0x72,
  0x00, 0x73, 0x00, 0x69, 0x00, 0x6f, 0x00, 0x6e, 0x00, 0x20, 0x00, 0x31,
  0x00, 0x2e, 0x00, 0x33, 0x00, 0x33, 0x00, 0x3b, 0x00, 0x20, 0x00, 0x74,
  0x00, 0x74, 0x00, 0x66, 0x00, 0x61, 0x00, 0x75, 0x00, 0x74, 0x00, 0x6f,
  0x00, 0x68, 0x00, 0x69, 0x00, 0x6e, 0x00, 0x74, 0x00, 0x20, 0x00, 0x28,
  0x00, 0x76, 0x00, 0x31, 0x00, 0x2e, 0x00, 0x38, 0x00, 0x2e, 0x00, 0x34,
  0x00, 0x2e, 0x00, 0x31, 0x00, 0x36, 0x00, 0x2d, 0x00, 0x65, 0x00, 0x62,
  0x00, 0x36, 0x00, 0x34, 0x00, 0x29, 0x00, 0x41, 0x00, 0x72, 0x00, 0x69,
  0x00, 0x6d, 0x00, 0x6f, 0x00, 0x2d, 0x00, 0x42, 0x00, 0x6f, 0x00, 0x6c,
  0x00, 0x64, 0x00, 0x00, 0x00, 0x03, 0x00, 0x00, 0x00, 0x00, 0x00, 0x00,
  0xff, 0x27, 0x00, 0x96, 0x00, 0x00, 0x00, 0x00, 0x00, 0x00, 0x00, 0x00,
  0x00, 0x00, 0x00, 0x00, 0x00, 0x00, 0x00, 0x00, 0x00, 0x00, 0x00, 0x00,
  0x00, 0x01, 0x00, 0x01, 0xff, 0xff, 0x00, 0x0f, 0x00, 0x01, 0x00, 0x00,
  0x00, 0x0c, 0x00, 0x00, 0x00, 0x00, 0x00, 0x00, 0x00, 0x02, 0x00, 0x01,
  0x00, 0x00, 0x00, 0x61, 0x00, 0x01, 0x00, 0x00, 0x00, 0x01, 0x00, 0x00,
  0x00, 0x0a, 0x00, 0x2a, 0x00, 0x38, 0x00, 0x03, 0x63, 0x79, 0x72, 0x6c,
  0x00, 0x14, 0x67, 0x72, 0x65, 0x6b, 0x00, 0x14, 0x6c, 0x61, 0x74, 0x6e,
  0x00, 0x14, 0x00, 0x04, 0x00, 0x00, 0x00, 0x00, 0xff, 0xff, 0x00, 0x01,
  0x00, 0x00, 0x00, 0x01, 0x6b, 0x65, 0x72, 0x6e, 0x00, 0x08, 0x00, 0x00,
  0x00, 0x01, 0x00, 0x00, 0x00, 0x01, 0x00, 0x04, 0x00, 0x02, 0x00, 0x08,
  0x00, 0x01, 0x00, 0x08, 0x00, 0x01, 0x00, 0x2a, 0x00, 0x04, 0x00, 0x00,
  0x00, 0x10, 0x00, 0x4e, 0x00, 0x5c, 0x00, 0x62, 0x00, 0x84, 0x00, 0x92,
  0x00, 0xac, 0x00, 0xbe, 0x00, 0xd0, 0x01, 0x1a, 0x01, 0x50, 0x01, 0x82,
  0x01, 0xc0, 0x01, 0xc6, 0x01, 0xd0, 0x01, 0xc6, 0x01, 0xd0, 0x00, 0x01,
  0x00, 0x10, 0x00, 0x01, 0x00, 0x12, 0x00, 0x22, 0x00, 0x27, 0x00, 0x2d,
  0x00, 0x31, 0x00, 0x33, 0x00, 0x35, 0x00, 0x37, 0x00, 0x38, 0x00, 0x3a,
  0x00, 0x47, 0x00, 0x53, 0x00, 0x57, 0x00, 0x58, 0x00, 0x5a, 0x00, 0x03,
  0x00, 0x22, 0xff, 0x8f, 0x00, 0x35, 0xff, 0xdb, 0x00, 0x3a, 0xff, 0xdb,
  0x00, 0x01, 0x00, 0x12, 0xff, 0x68, 0x00, 0x08, 0x00, 0x01, 0xff, 0x8f,
  0x00, 0x35, 0xff, 0x68, 0x00, 0x37, 0xff, 0x68, 0x00, 0x38, 0xff, 0xb4,
  0x00, 0x3a, 0xff, 0x68, 0x00, 0x57, 0xff, 0xdb, 0x00, 0x58, 0xff, 0xdb,
  0x00, 0x5a, 0xff, 0xdb, 0x00, 0x03, 0x00, 0x0d, 0xff, 0x1d, 0x00, 0x0f,
  0xff, 0x1d, 0x00, 0x22, 0xff, 0x8f, 0x00, 0x06, 0x00, 0x01, 0xff, 0xb4,
  0x00, 0x35, 0xff, 0x68, 0x00, 0x37, 0xff, 0x68, 0x00, 0x38, 0xff, 0x68,
  0x00, 0x3a, 0xff, 0x68, 0x00, 0x5a, 0xff, 0xb4, 0x00, 0x04, 0x00, 0x01,
  0xff, 0xdb, 0x00, 0x0d, 0xfe, 0xf8, 0x00, 0x0f, 0xfe, 0xf8, 0x00, 0x22,
  0xff, 0x68, 0x00, 0x04, 0x00, 0x35, 0xff, 0xdb, 0x00, 0x37, 0xff, 0xdb,
  0x00, 0x38, 0xff, 0xdb, 0x00, 0x3a, 0xff, 0xdb, 0x00, 0x12, 0x00, 0x01,
  0xff, 0xdb, 0x00, 0x0d, 0xff, 0x1d, 0x00, 0x0e, 0xff, 0x8f, 0x00, 0x0f,
  0xff, 0x1d, 0x00, 0x1b, 0xff, 0x1d, 0x00, 0x1c, 0xff, 0x1d, 0x00, 0x22,
  0xff, 0x68, 0x00, 0x30, 0xff, 0xdb, 0x00, 0x42, 0xff, 0x1d, 0x00, 0x44,
  0xff, 0x1d, 0x00, 0x46, 0xff, 0x1d, 0x00, 0x4a, 0xff, 0xb4, 0x00, 0x50,
  0xff, 0x1d, 0x00, 0x53, 0xff, 0xb4, 0x00, 0x54, 0xff, 0x1d, 0x00, 0x56,
  0xff, 0xb4, 0x00, 0x58, 0xff, 0x8f, 0x00, 0x5a, 0xff, 0x8f, 0x00, 0x0d,
  0x00, 0x0d, 0xff, 0x44, 0x00, 0x0e, 0xff, 0x8f, 0x00, 0x0f, 0xff, 0x44,
  0x00, 0x1b, 0xff, 0xb4, 0x00, 0x1c, 0xff, 0xb4, 0x00, 0x22, 0xff, 0x68,
  0x00, 0x42, 0xff, 0x68, 0x00, 0x46, 0xff, 0x8f, 0x00, 0x4a, 0xff, 0xdb,
  0x00, 0x50, 0xff, 0x8f, 0x00, 0x53, 0xff, 0xb4, 0x00, 0x56, 0xff, 0xb4,
  0x00, 0x5a, 0xff, 0xb4, 0x00, 0x0c, 0x00, 0x0d, 0xff, 0x8f, 0x00, 0x0e,
  0xff, 0xdb, 0x00, 0x0f, 0xff, 0x8f, 0x00, 0x1b, 0xff, 0xdb, 0x00, 0x1c,
  0xff, 0xdb, 0x00, 0x22, 0xff, 0xb4, 0x00, 0x42, 0xff, 0xb4, 0x00, 0x46,
  0xff, 0xdb, 0x00, 0x50, 0xff, 0xdb, 0x00, 0x53, 0xff, 0xdb, 0x00, 0x56,
  0xff, 0xdb, 0x00, 0x5a, 0xff, 0xee, 0x00, 0x0f, 0x00, 0x01, 0xff, 0xdb,
  0x00, 0x0d, 0xfe, 0xf8, 0x00, 0x0e, 0xff, 0x44, 0x00, 0x0f, 0xfe, 0xf8,
  0x00, 0x1b, 0xff, 0x8f, 0x00, 0x1c, 0xff, 0x7b, 0x00, 0x22, 0xff, 0x68,
  0x00, 0x42, 0xff, 0x68, 0x00, 0x46, 0xff, 0x44, 0x00, 0x4a, 0xff, 0xb4,
  0x00, 0x50, 0xff, 0x44, 0x00, 0x51, 0xff, 0x68, 0x00, 0x52, 0xff, 0x44,
  0x00, 0x56, 0xff, 0x8f, 0x00, 0x57, 0xff, 0x8f, 0x00, 0x01, 0x00, 0x47,
  0xff, 0xdb, 0x00, 0x02, 0x00, 0x0d, 0xff, 0x8f, 0x00, 0x0f, 0xff, 0x8f,
  0x00, 0x02, 0x00, 0x0d, 0xff, 0x68, 0x00, 0x0f, 0xff, 0x68, 0x00, 0x00,
  0x00, 0x01, 0x00, 0x00, 0x00, 0x0a, 0x00, 0x28, 0x00, 0x2a, 0x00, 0x04,
  0x63, 0x79, 0x72, 0x6c, 0x00, 0x1a, 0x67, 0x72, 0x65, 0x6b, 0x00, 0x1a,
  0x68, 0x65, 0x62, 0x72, 0x00, 0x1a, 0x6c, 0x61, 0x74, 0x6e, 0x00, 0x1a,
  0x00, 0x00, 0x00, 0x00, 0x00, 0x00, 0x00, 0x00
};
const unsigned int um_font_latin_bold_len = 19568;
